name;protein;fats;carbohydrate;calorie
Сырок творожный глазированный «Молочная страна» чизкейк, 18%, 45 г;7.9;22.4;34.7;370
Творог «Вiцебскае малако» 1%, 300 г;16;1;1.3;78.2
Творог «Вiцебскае малако» 6%, 300 г;15;6;1.5;120
Сырок творожный глазированный «Молочная страна» ваниль, 23%, 45 г;10.2;25.3;32.1;400
Сырок творожный «Савушкин» курага, 9%, 100 г;10;9;16.3;186.2
Сырок творожный глазированный «Молочная страна» Картошка, 18%, 45 г;6.7;22.8;35.8;380
Яблоко «Джонагоред»;0.4;0.4;12.1;46
Творог «Ясь Белоус» классический, 5%, 400 г;15;5;1.5;111
Творог «Славянские традиции» классический, 2%, 180 г;16;2;1.3;85
Творог «Минская марка» классический, 5%, 180 г;15;5;1.5;110
Молочный коктейль «Молочный гостинец» карамель-ирис, 2.5%, 210 г;2.8;2.5;9.7;75
Яйца перепелиные, 12 шт;12.8;0.6;13;168
Яйца перепелиные, 14 шт;12.8;0.6;13;168
Яйца перепелиные, 20 шт;12.8;0.6;13;168
Сыр полутвердый «Брест-Литовск» Маасдам, 45%, 200 г;25.4;26.1;0;336.5
Творог «Савушкин» рассыпчатый, 5%, 500 г;16.5;5;1.5;117
Желе из молочной сыворотки «Yoguru» ананас, 150 г;2.1;16;70;/
Желе из молочной сыворотки «Yoguru» клубника, 150 г;2.1;16;70;/
Желе из молочной сыворотки «Yoguru» яблоко, 150 г;2.1;16;70;/
Творог «Минская марка» классический, 9%, 180 г;15;9;1.5;150
Пудинг творожный «Минская марка» пудинг шоколадный, 5%, 160 г;6.6;5;14;130
Кисломолочный напиток «Exponenta» Bio-Skyr 3 в 1, клубника-киви, 500 г;6;3;35;/
Кисломолочный напиток «Exponenta» Bio-Skyr 3 в 1, обезжиренный, 500 г;6;3;35;/
Ряженка «Брест-Литовск» 3.6%, 415 г;2.9;3.6;4.1;60.4
Сыр плавленый «Молочный гостинец» Дружба, 55%, 80 г;16.4;26.4;303;/
Малина быстрозамороженная, 450 г;5;20;/;85
Сырок творожный глазированный «Молочная страна» с мармеладом, 20%, 50 г;7.3;17.6;48.8;380
Йогурт «Yoguru» с фруктовым наполнителем клубника, 1.5%, 310 г;3.3;1.5;15.5;90
Йогурт «Yoguru» с фруктовым наполнителем черника, 1.5%, 310 г;3.3;1.5;15.5;90
Йогурт «Yoguru» с фруктовым наполнителем вишня, 1.5%, 310 г;3.3;1.5;15.5;90
Йогурт «Yoguru» с фруктовым наполнителем лесные ягоды, 1.5%, 310 г;3.3;1.5;15.5;90
Мороженое «28 копеек» Пломбир шоколадный, эскимо, 70 г;3.2;24;19.9;308
Творог «Минская марка» классический, 2%, 180 г;16;2;1.3;85
Кефир «Минская марка» 2.5%, 900 г;3.1;2.5;4;50
Биойогурт «Верховье» с вишней, черешней и асаи, 2.9%, 150 г;3.9;2.9;14.4;99.3
Сыр полутвердый «Брест-Литовск» Гауда, 48%, 200 г;26;26.1;338.9;/
Сыр мягкий «Савушкин» Адыгейский, 45%, 300 г;16.5;18;0;228
Сыр полутвердый «Брест-Литовск» Маасдам, 45%, 130 г;25.4;26.1;336.5;/
Набор овощей и зелени «Веселый огородник» Летний, 140 г;2.6;0.4;5.2;36
Бифитат «Молочный мир» 2.5%, 950 г;3.1;2.5;4.7;55
Сыр «Голландский премиум» 45%, 150 г;24.8;25.2;326;/
Сыр мягкий «Молочный мир» сливочный, 55%, 2.4 кг;,;%55;,;2400
Сыр «Российский традиционный» 45%, 1 кг;25;25.2;327;/
Яйца куриные «АВС» Большие, омега-3, омега-6, СО;13;11;0.7;150
Яйца куриные «АВС» От молодых курочек, омега-3, омега-6, С2;13;11;0.7;150
Мороженое «Морозпродукт» с ароматом ванили, 1 кг;3.6;10;21.6;191
Кефир «Твоя кружка» 3.9%, 850 г;3;3.9;4;65
Лук-перо зеленый «Веселый огородник» 70 г;1.3;0.03;3.5;19
Петрушка 50 г;1.3;0.9;6.9;23
Кинза в лотке 30 г;2.13;0.52;36;/
Набор овощей и зелени «Веселый огородник» Для холодника, 150 г;2.6;0.4;5.2;36
Трубочки для молока «Lari» ягодный микс, 30 г;96.75;373.7;/;1564.3
Сыр плавленый «Ласковое лето» сливочный, 45%, 80 г;15.8;20.5;0;247.7
Сыр полутвердый «Моцарелла» 45%, 1 кг;19.5;22.5;280;/
Творог «Славянские традиции» традиционный, 5%, 180 г;15;5;1.5;110
Мороженое «20 копеек» пломбир классический, 205 г;3.8;15;19.2;227
Йогурт «Ласковое лето» абрикос, 1.5%, 120 г;2.5;1.5;14.5;81.5
Йогурт «Ласковое лето» клубника, 1.5%, 120 г;2.5;1.5;14.5;81.5
Йогуртный продукт «Ласковое лето» Легкий, клубника, 1.5%, 350 г;2.5;1.5;14.5;81.5
Йогуртный продукт «Ласковое лето» Легкий, абрикос, 1.5%, 350 г;2.5;1.5;14.5;81.5
Сыр плавленый «Молочный гостинец» Кисломолочный, 45%, 80 г;20.8;20.2;265;/
Творожный десерт «Беллакт» творог с наполнителем груша, 4%, 100 г;10;4;6;100
Творожный десерт «Беллакт» творог с наполнителем яблоко, 4%, 100 г;10;4;7.1;104.4
Сметана «Молочный мир» 20%, 450 г;2.5;20;2.9;200
Молочный коктейль «Молочный гостинец» Сладкая жизнь, пломбир, 2.5%, 210 г;2.8;2.5;9.4;70
Творожный десерт «Беллакт» творог с наполнителем черника, 4%, 100 г;10;4;5.8;99.2
Яйца куриные «Солигорская птицефабрика» Фермерские, столовые;12.7;11.5;0.7;157
Десерт «А.Ростагрокомплекс» Брауни с грецким орехом и карамелью, 40 г;5.5;48;450;/
Сырок творожный глазированный «Савушкин» кокос и аромат ванили, 23%, 40 г;5.7;25.6;28;365.2
Творожный десерт «Беллакт» пирожное, вафля, шоколад и орех, 23%, 100 г;6;22;39.7;380.8
Творожный десерт «Беллакт» творог с наполнителем персик-клубника, 4%, 100 г;10;4;6.4;101.6
Яблоко «Ред Принц»;0.26;0.18;13.8;52
Сгущенное молоко «Глубокое» цельное, с сахаром, 8.5%, 280 г  ;7.2;8.5;56;330
Творожный десерт «Савушкин» клубника, 3.5%, 125 г;7;3.5;13;111.5
Творожный десерт «Савушкин» груша-банан, 3.5%, 120 г;7;3;13;111.5
Проростки «Green Place» люцерна, 50 г;4;1.2;2.1;23
Проростки «Green Place» чечевица, 50 г;9;0.6;22.1;106
Творог «Савушкин» 101 зерно + сливки, зерненый, манго-маракуйя, 5%, 130 г;10;5;2.8;224
Творог «Ляховичок» рассыпчатый, 5%, 350 г;15;5;1.5;111
Творог «Ляховичок» рассыпчатый, 9%, 350 г;15;9;1.5;147
Масло сладкосливочное «Брест-Литовск» несоленое, 82.5%, 120г;0.5;82.5;0.8;747.7
Сырок творожный глазированный «Савушкин» Моя Аленка, 20%, 40 г;7;23;30.7;357.8
Молоко «Молочный мир» стерилизованное, 1.5%;3.2;1.5;4.7;45
Сыр творожный «Савушкин. HoReCa» сливочный,  65%, 2.4 кг;6.2;27;3;279.8
Творожный десерт «Беллакт» со вкусом банана и земляники, 4%, 100 г;7.3;4;6.4;90.8
Глазированный сырок «Простоквашино» с вареной сгущенкой 23%, 40 г;11;23.5;34;392
Сметана «Молочный мир» 10%, 450 г;2.8;10;3.1;114
Продукт пищевой «Пошехонье» с ароматом сыра, 1 кг;3.8;17;17;236
Творог «Молочная капелька» столовый, 0%, 450 г;16;2;1.3;85
Желе из молочной сыворотки «Yoguru» мохито, 150 г;2.1;16;70;/
Простокваша мечниковская «Молочный мир» 2.5%, 350 г;2.8;2.5;4.6;52.1
Мороженое сливочное «Bahroma» чизкейк гранат-малина, 8%, 75 г;4;18;33.7;308
Сыр мягкий «SVEZA» Моцарелла, 45%, 250 г;18;18;226;/
Сыр мягкий «SVEZA» Моцарелла мини, 45%, 250 г;18;18;226;/
Йогурт питьевой из козьего молока «КФК Дак» с персиковым джемом, 3-4.5%, 250 г;2.9;4.5;4.5;63-77
Сыр козий «КФХ Дак» Рикотта, 30%, 200 г;13;10;2.8;142
Трубочки для молока «Терефимка» микс вкусов, 5х6 г;98.33;390;/;1670
Сырок творожный «Савушкин» чернослив, 9%, 100 г;10;9;15;181
Йогуртный продукт «Ласковое лето» Легкий, манго, 1,5%, 120 г;2.5;1.5;14.5;81.5
Сыр плавленый «Ласковое лето» с ветчиной, 45%, 80 г;15.8;20.5;0;247.7
Сыр плавленый «Ласковое лето» с грибами, 45%, 80 г;15.8;20.5;0;247.7
Сырок творожный глазированный «Савушкин» кокос и миндаль, 20%, 40 г;6;23.4;30.4;356.2
Молочный коктейль «Растишка» вкус ванильного мороженого 2,0%, 210 г;3.3;2;9.9;70
Молочный коктейль «Растишка» со вкусом клубники 2,0%, 210 г;3.3;2;10;70
Молочный коктейль «Растишка» шоколадный со вкусом банана 2,0%, 210 г;3.3;2;10.9;75
Йогурт «Даниссимо» с хрустящими шариками вкус вишня-финик 6,9%, 105 г;6.2;11.9;123;/
Йогурт «Беллакт» детский, яблоко, персик и банан, 3%, 100 г;2.7;3;10.3;79
Сыр твердый «Гауда Lux» 45%, 1 кг;23;25;315;/
Творог «Славянские традиции» мягкий, 4%, 400 г;8.5;4;1.3;75
Сырок творожный глазированный «Тимоша» заварной крем, на печенье, 65 г;7.2;23.9;43.8;419.1
Фруктовый лед «Топ» взрывной кактус, 70 г;0.6;23;90;/
Йогурт «Беллакт» детский, черника, земляника, ежевика, 3%, 100 г;2.7;3;10.3;79
Сыр творожный «Violette» сливочный, 70%, 140 г;7.1;24.5;2.7;260
Сыр творожный «Violetta» с зеленью, 70%, 140 г;7.1;24.5;2.7;260
Сливки питьевые «Рогачевъ» 20%, 200 г;2.8;20;3.7;210
Мороженое пломбир «Морозпродукт» с ароматом ванили, 2.3 кг;3.4;12;20.7;204
Сыр с голубой плесенью «Berger» 55%, 1 кг;20;30;350;/1450
Йогурт питьевой «Беллакт» детский, клубника и банан, 2.6%, 210 г;2.7;2.6;10.9;77.8
Йогурт питьевой «Беллакт» детский, лесная ягода, 2.6%, 210 г;2.7;2.6;10.9;77.8
Йогурт питьевой «Беллакт» детский, яблоко-малина, 2.6%, 210 г;2.7;2.6;10.9;77.8
Сыр творожный «SVEZA» Легкий, 35%, 150 г;7.5;14;4.6;174.4
Сыр полутвердый «Landers» Сулугуни, 40%, 260 г;23;20;275;/
Сыр полутвердый «Landers» Сулугуни, 40%, 400 г;2.7;2.9;19;275
Молочный коктейль «Растишка» со вкусом бабл-гам 2,0%, 210 г;3.3;2;9.9;70
Перец желтый;1.3;0.1;5.3;27
Сгущенное молоко «Рогачевъ» с сахаром, 8.5%, 270 г;8;8.5;56;330
Мороженое «Soletto» шоколад, 75 г;4.5;12;31;250
Напиток «Alpro» миндальный без сахара, 1 л;0.4;1.1;0.1;12
Напиток «Alpro» кокосовый с рисом, 1 л;0.1;0.9;2.7;19
Напиток «Alpro» миндальный, 1 л;0.4;1.1;2.4;21
Мороженое «Soletto» с ароматом ваниль-сливки, 75 г;4;12;28;240
Сырок творожный глазированный «Березка» Плюш, с ароматом ванили, 26%, 45 г;7.7;28.2;31.8;410
Сыр плавленый «Ласковое лето» с грибами, пастообразный, 45%, 170 г;12.4;15.6;5.1;191.4
Сыр полутвердый «Ларец с трюфелем» 50%, 1 кг;23.7;30.5;0;370
Сыр полутвердый «Ларец с лисичками» 50%, 1 кг;23.7;30.5;0;370
Сыр полутвердый «Ларец с вялеными томатами и орегано» 50%, 1 кг;23.7;30.5;0;370
Сыр полутвердый «Ларец с грецкими орехами» 50%, 1 кг;23.6;30.8;0;370
Фруктовый лед «28 копеек» вишневый в шоколадной глазури, 80 г;0.6;10.4;28.7;211
Сыр полутвердый «Моzzarella» пицца, 40%, 370 г;26.3;21.3;0;300
Масло сливочное «Малочны фальварак» 80%, 180 г;0.2;80;0.5;720
Авокадо «Хасс»;0.9;0.1;3;13
Масло топленое «Молочные горки» 99%, 360 г;99;0.3;890;/
Молочный пудинг «Ehrmann» безлактозный, 1.5%, со вкусом ванили, 200 г;10;1.5;6.1;80
Молочный пудинг «Ehrmann» безлактозный, 1.5%, со вкусом шоколада, 200 г;10;1.8;6;80
Сыр плавленый «Hochland» ассорти, 50%, 140 г;9.7;20.9;5.6;250
Мороженое «Морозпродукт» фисташковое, 1 кг;2.8;8;21.5;169
Мороженое «Морозпродукт» дыня-арбуз с прослойкой щербета , 1 кг;1.6;5.5;25.3;157
Мороженое «Морозпродукт» малина-гранат с прослойкой щербета, 1 кг;1.7;5;25.8;155
Мороженое «Морозпродукт» сливочное, с сахарной ватой и маршмеллоу, 1 кг;2.4;7.6;25.7;181
Сливки «Parmalat» ультрапастеризованные, 11%, 200 г;2.6;11;4;125
Сливки «Parmalat» ультрапастеризованные, 11%, 500 г;2.6;11;4;125
Сметана «Молочный мир» 15%, 480 г;2.6;15;2.9;160
Сметана «Молочный мир» 15%, 450 г;2.6;15;2.9;160
Арбуз «Подарок солнца» желтый, 1 кг;1.2;0.2;3.2;12
Молоко «Parmalat Comfort» безлактозное, 1.8%;3;1.8;4.7;47
Молоко «Parmalat» Comfort, безлактозное, 3.5%;3;3.5;4.7;62
Творог «Савушкин» классический, 2%, 180 г;17.5;2;1.3;93.2
Творог «Савушкин» классический, 5%, 180 г;16.5;5;1.5;117
Сметана «Савушкин» 20%, 380 г;2.6;20;2.9;202.0
Кефир «Брест-Литовск» 3.2%, 950 г;3;3.2;4;56.8
Творог «Савушкин» классический, 9%, 180 г;16.2;9;1.5;151
Мороженое «Морозпродукт» двухслойное, сливочное со вкусом бабл гам, 1 кг  ;2.2;8;23;173
Сырок творожный глазированный «Савушкин» вареная сгущенка, 20%, 40 г;6.5;23;31.3;359
Салат «Айсберг» 1 кг;0.9;0.1;3;14
Сыр «Сафийка» Сулугуни, 40%, 300 г;16.7;18.8;240;/
Мороженое «Морозпродукт» сливочное, пинаколада, 1 кг;2.8;9;23.5;186
Мороженое «Морозпродукт» сливочное, мята-лимон, прослойка щербета, 1 кг;1.7;5.5;25.2;157
Набор зелени «СидСад» Эконом, 100 г;2.3;0.6;5.1;30.6
Продукт сгущенный сывороточный с сахаром, 8.5%, 450 г;2;8.5;60;320
Айран «Бабушкина крынка» обезжиренный, 450 г;2.6;0.3;3.8;30
Кукуруза отварная «Merci» в початках;13;2;16;140
Кукуруза отварная «Merci» в початках;13;2;16;140
Сметана «Савушкин» 15%, 380 г;2.7;15;2.9;157.4
Сметана «Савушкин» 25%, 380 г;2.4;25;2.9;246.2
Сметана «Свежие новости» 18%, 380 г;2.6;18;2.9;180
Сметана «Бабушкина крынка» 25%, 380 г;2.4;25;2.9;250
Сыр мягкий «Калинка» Адыгейский легкий, 30%, 1 кг;19.5;10.5;173;/
Сметана «Свежие новости» 22%, 180 г;2.5;22;2.9;220
Смородина красная «Эко Хуторок» 160 г;0.6;0.2;7.7;43
Сыр мягкий «Galbani» Рикотта, 34%, 230 г;6;6;3;375
Творожный десерт «Ляховичок» Лакомка, чернослив, 6%, 200 г;10.7;6;15.3;158
Чеснок;0.5;0.3;11.5;67
Сметана «Свежие новости» 18%, 180 г;2.6;18;2.9;180
Масло сливочное «Бабункина крынка» Мелешенское, несоленое, 70%, 180 г;0.9;1.8;70;640
Смородина красная, 125 г;0.6;0.2;7.7;43
Масло сладкосливочное «Бабушкина крынка» несоленое, 82.5%, 1 кг;0.73;82.5;0.8;750
Масло сладкосливочное «Бабушкина крынка» несоленое, 82.5%, 450 г;0.73;82.5;0.8;750
Груша «Пакхам» крупная, 1 кг;0.6;0.4;15.1;44
Творожный десерт «А.Ростагрокомплекс» чизкейк манго и чиа, 15%, 40 г;9.9;20.2;29.2;356.7
Масло сладкосливочное «Брест-Литовск» несоленое, 82.5%, 400г;0.5;82.5;0.8;747.6
Сырок творожный глазированный «Alpen Gold» с ароматом ванилина, 20 %, 40 г;11.2;23.5;33.4;390
Сырок творожный глазированный «Alpen Gold» с какао, 20%, 40 г;10.3;23.8;36.6;402
Молочный коктейль «Рогачевъ» малина, 2.5%, 200 г;3.3;2.5;9.9;75
Молочный коктейль «Рогачевъ» пломбир, 2.5%, 200г;3.3;2.5;9.9;75
Молочный коктейль «Рогачевъ» шоколад, 2.5%, 200г;3.3;2.5;10.7;80
Сыр мягкий «SVEZA» фета рассольный, 45%, 250 г;11.5;14.8;2.1;778,8
Сыр мягкий «SVEZA» брынза нежная, 45%, 250 г;11.5;14.8;2.1;187.6
Йогурт греческий «Teos» чернослив-злаки, 2%, 140 г;7.8;2;11.3;91.2
Творог «Савушкин» классический, 1%, 200 г;18;1;1.3;86,2
Творог «Савушкин» классический, 5%, 200 г;16.5;5;1.5;117,0
Творог «Савушкин» классический, 9%, 200 г;16;9;1.5;151,0
Творог «Брест-Литовск» 9%, 200 г;16;9;1.5;151
Десерт «А.Ростагрокомплекс» Прага, персик-груша, 90 г;5;27;39;420
Десерт «А.Ростагрокомплекс» суфле в молочном шоколаде, 80 г;5;27;49;460
Йогурт «Агуша» Засыпайка, зеленое яблоко и мелисса, 2.7%, 180 г;2.8;2.7;9.3;73
Арбуз, 1 кг;1.2;0.2;3.2;12
Творог«Савушкин» зерненый, 5%, 450 г;16;5;1.5;115
Творог «Савушкин» зерненый 5%, 300 г;16;5;1.5;115
Сметана «Свежие новости» 22%, 380 г;2.5;22;2.9;220
Сыр «Фестиваль сыров» Сулугуни, 45% 1 кг;25;24;310;/
Сметана «Бабушина крынка» 20%, 330 г;2.5;20;2.9;200
Сливки «Альпенгрут» 10 шт, 10 %, 100 г;2.6;10;4.5;491
Творожный десерт «Вкусная Ложка» масса с ароматом ванили, 21%, 380 г;2.9;21;16;265
Масса десертная творожная «Молочные горки» с изюмом, 20%, 380 г;2.9;20;19.2;268
Йогурт «Савушкин» Апети, с шоколадными шариками со вкусом вишня, 5%, 105 г;2.9;5;14;112.6
Масло «Брест-Литовск Финское» 80%, 180 г;0.7;80;1;726.
Йогурт «СуперКид» пломбир с маршмеллоу, 2%, 103 г;3.3;2;13.8;86.4
Йогурт «Савушкин» Апети, пломбир и злаковые шарики со вкусом шоколада и фундука, 5%, 105 г;2.9;5;14;112.6
Сыр горячего копчения «Беловежский» с перцем и чесноком, 42%, 1 кг;26.7;23.9;1338,2;/322
Сыр «Arla Natura» сливочный, 45%, 200 г;25;26;0;340
Пищевой продукт на основе обезжиренного молока «Вкусная ложка» 25%, 400 г;2.2;25;4.6;252
Сыр полутвердый «Брест-Литовск» Чеддер, 45%, 200 г;25;24.6;316,0;/1313,0
Гранадилла «Artfruit»;0.5;0.1;8;46
Имбирь «Artfruit» 250 г;1.8;0.8;18;80
Киви «Artfruit» Green;1.1;0.5;15;61
Напиток «Alpro» кокосовый без сахара, 1 л;0.1;12;0.4;13
Шампиньоны замороженные «Мираторг» нарезаные , 400 г;4.3;1;0.1;14
Молоко пастеризованное «Вкусное» 3.3%;3.2;3.2;4.7;60
Молоко пастеризованное «Вкусное» 2.6%;3.2;3.2;4.7;60
Сыр мягкий «Bonfesto» Рикотта, 50 %, 250 г;9;12.5;2.3;157.7
Йогурт питьевой «Teos» Active, манго, 1.8%, 260 г;5.2;1.8;8.5;71
Йогурт питьевой «Teos» Active, черника, 1.8%, 260 г;5.2;1.8;8.5;71
Йогурт питьевой «Teos» Active, вишня-гранат, 1.8%, 260 г;5.2;1.8;8.5;71
Йогурт питьевой «Teos» Active, натуральный, 2%, 260 г;5.8;2;3;53.2
Йогурт питьевой «Савушкин» Легкий, со вкусом малины, 1%, 900 г;2.9;1;11.5;66.6
Сыр твердый «Брест-Литовск» выдержанный экстра, 45%, 150 г;26;27.4;350.6;/
Томат «Слива» ;1;0.2;3;20
Йогурт «Zvonka» ананас-манго, 2 %, 310 г;3.2;2;16.4;95
Масло «Стары Менск» 82.5%, 160 г;0.5;82.5;0.8;750
Масло «Малочны Фальварак» 82.5%, 160 г;0.5;82.5;0.8;750
Масло сладкосливочное «Fresko Amato Linea» несоленое, 82.5%, 160 г;0.5;82.5;0.8;750
Продукт сметанный «Вкусная ложка» 15 %, 400 г;2.5;15;5;165
Манго «Artfruit» Ready to Eat;0.82;0.38;15;60
Сметана «Рогачевъ» 19%, 400 г;2.6;19;2.9;190
Сырок «Alpen Gold» с кокосовой стружкой в глазури, 40 г;11.1;25.3;32.8;404
Огурец колючий;0.8;0.1;2.5;14
Сливки питьевые «Молочный гостинец» 20%, стерилизованные, 1 л;2.7;20;3.7;210
Молоко «Стары Менск» 2%;3.1;2;4.7;50
Сыр полутвердый «Брест-Литовск» российский, 50%, 500 г;22.5;28;342;/
Сыр полутвердый «Брест-Литовск» монастырский, 45%, 200 г;25.5;24.7;324.3;/
Сыр полутвердый «Брест-Литовск» пошехонский, 45%, 200 г;26;25.7;335.3;/
Напиток сухой «Соевый заменитель молока» 200 г;10.4;18.3;62.8;496
Молоко питьевое пастеризованное «Минская марка» 3.3%;3.1;3.3;4.7;60
Кефир «Стары Менск» 1%, 950 г;2.8;1;4;35
Сырок творожный глазированный «Стары Менск» ваниль, 23%, 40 г;9;25;33;390
Сырок творожный глазированный «Стары Менск» с какао и ароматом ванили, 23%, 40 г;8;26;35;410
Творог «Стары Менск» 1%, 180 г;18;1;1.3;85
Творог «Стары Менск» 5%, 180 г;17;5;1.5;120
Масло сладкосливочное «Славянские традиции» 82,5%, 180 г;0.5;82.5;0.8;3132
Масло сладкосливочное «Славянские традиции» Крестьянское, 72,5%, 180 г;0.5;82.5;0.8;3133
Сыр «Губернский» с топленым молоком, 45%, 1 кг;23.2;25;320;/
Сыр «Русский Экстра» 45%, 1 кг;23.2;24.3;310;/
Яйца куриные «Молодецкие Люкс» Д-1;12.7;11.5;0.7;157
Шампиньоны культивируемые, 250 г;4.3;0.33;0.1;27
Молоко «Простоквашино» ультрапастеризованное 1,5%;3.1;1.5;4.7;45
Молоко «Простоквашино» ультрапастеризованное 2,5%;3.1;2.5;4.7;54
Масло «Простоквашино» сладкосливочное несоленое 72,5%, 160 г;0.8;72.5;1.3;"700101290.016;"
Молоко «Простоквашино» ультрапастеризованное 3,2%;3.1;3.2;4.7;60
Масло «Простоквашино» сладкосливочное несоленое 82,5%, 160 г;0.5;82.5;0.8;3070
Проростки «Рукола» 50 г;3;1;4;25
Сметана «Брест-Литовск» 15%, 380 г  ;2.7;15;2.9;157.4
Сметана «Брест-Литовск» 20%, 380 г  ;2.6;20;2.9;202
Сметана «Брест-Литовск» 25%, 380 г  ;2.4;25;2.9;246.2
Молоко «Молочный гостинец» ультрапастеризованное, 3,6%;3.1;36;4.7;65
Сметана «MILKAVITA» 10%, 450 г;2.8;10;3.1;114
Яблоко «Айдаред»;0.4;0.4;12.1;46
Мороженое «Морозпродукт» сливочное, со вкусом соленой карамели и арахиса, 250 г  ;4.4;10.9;25.7;219
Творог «Бабушкина крынка» классический, 1%, 200 г;16.3;1;1.3;79.4
Сметана «Асаблівая А2» 12%, 330 г;2.8;12;3.1;130
Молоко «Асаблівае А2» 3.6%, 750 мл;3;3.6;4.7;65,0
Кефир «Асаблівы А2» 3.6%, 750 мл;3;3.6;4;60
Биойогурт  «Асаблівы А2»  3.6%, 330 г;3.3;3.6;6.1;0
Сметана «Беллакт» 21%, 400 г;2.5;21;2.9;210.6
Сметана «Здравушка» 19%, 180 г;2.6;19;2.9;190
Сметана «Здравушка» 19%, 380 г;2.5;19;2.9;240
Сметана «Здравушка» 14%, 400 г;2.8;14;3.1;150
Сметана «Здравушка» 24%, 400 г;2.4;24;2.9;240
Яйца куриные «Молодецкие» Д-О;12.7;11.5;0.7;157
Сметана «Радуга вкуса» Мозырская, 19%, 400 г;2.6;19;2.9;193
Йогурт «Растишка» с яблоком, грушей и печеньем 3,0%, 118 г;3.8;18.9;67.6;473
Молоко питьевое пастеризованное «Минская марка» 2.6%;3.1;2.6;4.7;55
Сырок творожный «Alpen Gold» клубника в шоколадной глазури, 40 г;10.1;23.5;33.8;387
Сыр полутвердый «Моцарелла для пиццы» 40%, 1 кг;23;21.6;3;286
Биойогурт питьевой «Активил» с ароматом лесных ягод, 2%, 800 г;2.1;2;9;62.4
Биойогурт питьевой «Активил» с ароматом банана, 2%, 800 г;2.1;2;9;62.4
Биойогурт питьевой «Активил» с ароматом вишни, 2%, 800 г;2.1;2;9;62.4
Биойогурт питьевой «Активил» с ароматом манго, 2%, 800 г;2.1;2;9;62.4
Сыр творожный «Bon Cremor» солёный, 65%, 150 г;6;26;2;270
Яйца куриные «Солигорская птицефабрика» Молодецкие, с селеном, С2, 10 шт;12.7;11.5;0.7;157
Молоко «Минская марка» пастеризованное, 3.3%;3.1;3.3;4.7;60
Кефир «Минская марка» 2.6%, 1 л;3.1;2.6;4;50
Кефир «Минская марка» 3.3%, 1000 г;3.1;3.3;4;60
Кефир «Минская марка» 3.3%, 500 г;3.1;3.3;4;60
Взбитые сливки «Альпенгурт» ультрапастеризованные, 17%, 200 г;2.6;18;9;207
Сыр творожный «Bonfesto» сливочный, 65%, 125 г;5.8;22;220;/
Киви крупный, 1 кг;0.99;0.44;14.8;61
Бифидопродукт «Бифидин малютка 5-12» 3.4 %, 150 г;1.5;3.4;7.2;65
Молоко «Бабушкина крынка» ультрапастеризованное, 6%;2.6;6;4.7;85
Молоко питьевое «Вкусное» 3%, 1 л;2.8;3;4.7;57
Сыр с плесенью «President» Red Snack, 60%, 90 г;16;32;0.5;352
Сыр с плесенью «President» La Brique, 45%, 200 г;17;20;0.5;248
Сыр плавленый «Жаворонки» с ветчиной, 30%, 130 г;11;12;10;190
Сметана «Молочный гостинец» 22%, 400 г;2.6;22;2.9;220
Фруктовый лед «Бон Пари» Арбузик, арбуз-яблоко, 67 г;0.1;20;80;/
Сыр твердый «La Paulina» Гойя, 40 %, 1 кг;31;28;1.4;382
Сыр полутвердый «Dontaler» 45 %, 1 кг;26;25.2;331;/
Сыр козий «Excelsior» Formaggio, твердый, 45 %, 1 кг;24.2;23.4;307;/
Напиток ореховый «Palitra» кешью, кокос, 1000 мл;1.7;3;3;46
Напиток ореховый  «Palitra» кешью, миндаль, 1000 мл;1.8;2.7;2.9;43
Напиток ореховый «Palitra» кешью, фундук, 1000 мл;1.8;2.8;2.9;44
Сыр твердый «Dolce Granto» пармезан, 40%, 200 г;36.3;24.4;364.8;/
Сыр «Гауда» 45%, 1 кг;23;24;310;/
Сливки питьевые «Поставы городок» 18%, 500 г;2.5;18;3.7;186.8
Сметана «Минская марка» 25%, 400 г;2.4;25;2.9;250
Молоко «Минская марка» отборное, 3.4-6%;3.1;6;4.7;85
Молоко «Бабушкина крынка» ультрапастеризованное, 2,5 %;2.9;2.5;4.7;55
Молоко «Бабушкина крынка» ультрапастеризованное, 3,2%;2.9;3.2;4.7;60
Молоко «Свежие новости»;2.8;2.8;4.7;55
Молоко отборное «Свежие новости» 3.5-4%, ультрапастеризованное;2.8;4;4.7;65
Йогуртный коктейль «Даниссимо» вкус клубничное мороженое 2,6%, 190 г;2.6;2.7;12.7;87
Сырок глазированный «Минская марка» ваниль, без сахара, 20%, 45 г ;23.9;12.2;27.9;340
Сырок глазированный «Минская марка» какао, без сахара, 20%, 45 г ;11.4;24.3;31.5;350
Сметана «Поставы городок» 18%, 450 г ;2.6;18;2.9;184
Сметана «Поставы городок» 18%, 350 г;2.6;18;2.9;184
Мороженое «Морозпродукт» ваниль, арахис, соленая карамель, 1000 г;4.4;10.9;26.6;222
Мороженое «Морозпродукт» сливочное, шоколадное, 1 кг;3.2;10.3;21.8;193
Сливки питьевые «Ляховичок» пастеризованные, 10%, 500 мл;2.8;10;4;117
Сыр мягкий «SVEZA» Моцарелла миди, 45%, 150 г;18;18;234;/
Ряженка «Савушкин» персик, 2%, 420 г;2.8;2;9.1;65.6
Йогурт «Бабушкина крынка» Zvonka, ананас-манго, 2%, 300 г;3.3;2;14.6;90
Йогурт питьевой «Zvonka» клубника-малина, 2%, 300 г;3.3;2;14.1;90
Сыр плавленый сладкий с какао со вкусом «Шоколад» 30%, 170 г;11.5;14.6;17.6;247.8
Сыр плавленый сладкий с какао со вкусом «Шоколадно-ореховый» 30%, 170 г ;11.4;14.6;17.5;247.0
Десерт творожный «Молочный гостинец» черная смородина и чиа 4%, 125 г;7.9;4;12.8;120
Десерт творожный «Молочный гостинец» брусника и клюква, 4%, 125 г;7.9;4;12.8;120
Творог «Савушкин» Легкий, зерненый, абрикос, 3%, 130 г;10;3;2.2;75.8
Напиток кисломолочный «Exponenta High-Pro» соленая карамель, 250 г;12;2.5;60;/
Сыр мягкий с плесенью «Vitalat» Brie, 60%, 125 г;14;28;310;/
Мороженое «Топ» Биг, банан-шоколад, 250 г;3;7;24;170
Маракуйя;2.2;0.7;23;97
Сыр полутвердый «Гранд Пекорино» 45%, 1 кг;21;28.5;340.5;/
Напиток соевый «Не молоко» с бананом, 1 л;2.5;1;2;27
Мороженое «Топ» сливочное с какао с ароматом ваниль-сливки, 70 г;4.5;8;27;200
Сыр «Верхнедвинский маслосырзавод» Молдавский особый, 40%, 1 кг;22;21;280;/
Сыр полутвердый «Сливочный» 45%, 1 кг;23;25;320;/
Сыр полутвердый «Российский элит» 45%, 1 кг;23;25;320;/
Творог «Легкая цена» классический, обезжиренный, 400 г;16;0.1;1.3;70.1
Мороженое сливочное с ароматом  «Soletto» рикотта апельсин, 7%, 75 г;3.5;10;34;240
Мороженое сливочное с ароматом  «Soletto» карамелизированный миндаль, 7 %, 75 г;4;12;33;260
Яйца куриные «Молодецкие» с селеном, СВ, 10 шт;12.7;11.5;0.7;157
Сыр «Гауда» 45%, 1 кг;26;25;330;/1370
Сыр «Тильзитер»  45%, 1 кг;23;25;320;/
Творог «Молочный мир» Active life, 3%, 180 г;18;3;1.4;105
Спред растительно-жировой «Алёнкина Бурёнка» 82.5%, 180 г;82.5;740;/;3050
Малина, 125 г;1.2;0.65;12;53
Питьевой йогурт «Растишка» с бананом 2,8%, 190 г;2.8;2.8;11.3;82
Питьевой йогурт «Растишка» со вкусом клубничного пломбира 2,8%, 190 г;2.8;2.8;11.2;81
Питьевой йогурт «Растишка» фруктовый микс 2,8%, 190 г;2.8;2.8;11.6;83
Кисломолочный продукт «Actimel» с гранатом 1,5%, 95 г;2.6;1.5;11.4;70
Кисломолочный продукт «Actimel» с клубникой 1,5%, 95 г;2.6;1.5;11.2;69
Кисломолочный продукт «Actimel» с черникой и ежевикой 1,5%, 95 г;2.6;1.5;11.2;69
Кисломолочный продукт «Actimel» с земляникой и шиповником 1,5%, 95 г;2.6;1.5;11.2;69
Кисломолочный продукт «Actimel» ягодный микс 1,5%, 95 г;2.6;1.5;11.5;70
Кисломолочный продукт «Actimel» со смородиной и малиной 1,5%, 95 г;2.6;1.5;11.1;68
Кисломолочный продукт «Actimel» с клюквой 1,5%, 95 г;2.6;1.5;11.3;69
Микрозелень «Зеленый Фермер» Редис, 50 г;1.1;0.1;2.4;14.9
Сметана «Минская марка» 18%, 380 г;2.6;18;2.9;184
Молоко «Славянские традиции» 2.5%;3.1;2.5;4.7;55
Молоко «Минская марка» ультрапастеризованное, 3.2%;3.1;3.2;4.7;60
Молоко ультрапастеризованное «Минская марка» 3.4-6%;3.1;6;4.7;85
Кисломолочный продукт «Actimel» ягодный микс 1,5%, 570 г;2.6;1.5;11.5;70
Кисломолочный продукт «Actimel» с гранатом 1,5%, 570 г;2.6;1.5;11.4;70
Кисломолочный продукт «Actimel» с клубникой 1,5%, 570 г;2.6;1.5;11.2;69
Кисломолочный продукт «Actimel» с вишней и черешней 1,5%, 570 г;2.6;1.5;11.4;70
Кисломолочный продукт «Actimel» с киви и клубникой 1,5%, 570 г;2.6;1.5;11.2;69
Кисломолочный продукт «Actimel» с клюквой 1,5%, 570 г;2.6;1.5;11.3;69
Кисломолочный продукт «Actimel» со смородиной и малиной 1,5%, 570 г;2.6;1.5;11.1;68
Кисломолочный продукт «Actimel» с черникой и ежевикой 1,5%, 570 г;2.6;1.5;11.2;69
Кисломолочный продукт «Actimel» с земляникой и шиповником 1,5%, 570 г;2.6;1.5;11.2;69
Мороженое «Магнат» Double пинта, шоколад, 440 мл;4.7;18.2;28.2;301
Сыр с плесенью «Sambiel» 50%, 100 г;20;28;1.8;339
Сыр с голубой благородной плесенью «Grassan» 50%, 1 кг;19;28;4;344
Сыр мягкий «Fresko» Brie с белой плесенью, 50%, 125 г;18;23;0;280
Сыр мягкий «Fresko» Camembert с белой плесенью, 50%, 125 г;18;23;0;280
Сыр с белой плесенью «Бри де Фамиль» 50%, 1 кг;18;23;0;280
Сыр творожный «SVEZA» домашний, сливочный,  50%, 130 г;6.5;17;2.6;189,4
Сыр творожный «SVEZA» домашний, с зеленью, 50%, 130 г;6.5;17;2.6;189,4
Сметана «Поставы городок» 25%, 300 г;2.4;25;2.9;246.2
Сыр «Монтерей Элитный» 45%, 1 кг;26;26;340;/
Творожный десерт «Милкавита» Сказка, банан, 7%, 150 г;5.6;7;13;137
Творожный десерт «Милкавита» Сказка, клубника, 7%, 150 г;5.6;7;13.2;138
Творожный десерт «Милкавита» Сказка, ваниль, 7%, 150 г;5.6;7;12.8;137
Сыр плавленый «Карат» сливочный, ломтиками, 25%, 130 г;8;10;16.8;189
Творог «Беллакт» 5%, 280 г;15.5;5;1.5;113
Сыр «Кронес» с жареным луком и лисичками, 45%, 250 г;24.8;25.2;326;/
Сыр «Молочный мир» Беларусь Экстра, 45%, 1 кг;23;25;320;/
Сыр полутвердый «Сливочный» 45%, 1 кг;23;25;320;/
Ягодный микс, красная смородина, крыжовник, 250 г;0.74;0.58;8.94;43.5
Крыжовник, 125 г;0.88;0.58;10.18;44
Сыр полутвердый «Моцарелла Голд» сулугуни, 40%, 1кг;18;18.4;237.6;/994.78
Морковь столовая мытая;1.5;0.1;7;35
Сыр «Alpen Gold» Маасдам, 45%, 250 г;25;25;330;/
Крем на растительных маслах «Dally» ультрапастеризованный, 20%, 1л;2.5;20;3.8;205
Лук репчатый, 1 кг.;1.1;0.2;9;40
Сыр полутвердый «Bonfesto» моцарелла 40%, 180 г;26.3;21.3;300;/
Сыр полутвердый «Сулугуни» 40%, 180 г;24;21.4;290;/
Йогурт с фруктовым наполнителем «Беллакт» клубника, 2,9%, 380г;3.4;2.9;14;95.7
Йогурт с фруктовым наполнителем «Беллакт» черника, 2,9%, 380г;3.4;2.9;14;95.7
Сыр творожный «Bonfesto» Кремчиз, сливочный, 65%, 140 г;6.3;22.3;230;/930
Сыр творожный «Bonfesto» Кремчиз, с наполнителем зелень, 65%, 140 г;6.3;22.3;230;/930
Молоко «Молочный мир» стерилизованное, 2,5%;2.8;2.5;4.7;55
Молоко «Молочный мир» стерилизованное, 3.2%;3.1;3.2;4.7;60
Молоко сгущенное какао и ароматом черри-бренди «Вишня в шоколаде» 380 г;7.8;7.5;65.8;330
Молоко «Active life» с витаминами ультрапастеризованное, 2/5%;3.1;2.5;4.7;55
Напиток «Alpro» Barista миндальный, 1 л;0.4;1.2;2.5;22
Лед молочный «Bahroma» со вкусом дыни, 68 г;4;6;21.5;155
Крем с творогом и печеньем «Тирамису» с лимонным наполнителем, 90 г;4.5;8;26.5;200
Крем с творогом и печеньем «Шоколадный Чизкейк» 700 г;3.5;8;29.5;200
Сливки питьевые «Ляховичок» пастеризованные, 20%, 500 мл;2.5;20;3.7;117.2
Сметана «Минская марка» 18%, 400 г;2.6;18;2.9;184
Каша молочная «Nestle» 5 злаков, яблоко-земляника-персик, 190 г;4.1;2.9;19.1;122
Сыр творожный «Bonfesto» Кремчиз, томаты и паприка, 65%, 140 г;6.3;22.3;230;/930
Сыр творожный «Bonfesto» Кремчиз, креветка и зелень, 65%, 140 г;6.3;22.3;230;/930
Сырок творожный «Белорусский» ванилин, 23%, 45 г;10.3;23;32.7;00
Сыр полутвердый «Брест-Литовск» Чеддер  45%, 130 г;25;24.6;316;/1313
Сыр плавленый «Ласковое лето» Орбита, 30%, 90 г ;20.7;14.7;7.6;245
Сыр плавленый «Ласковое лето» Янтарь, 60%, 90 г ;12;31.6;4;348.4
Творожный десерт «Беллакт» с вафлей и вишней в глазури, 23%, 100 г;5.9;23.9;41.6;383.5
Сыр творожный «Bonfesto» экстрамягкий, 70%, 400 г;4.5;19;190;/
Десерт творожный «Лакомка» Изюм-мак, 6%, 200 г;10.7;6;15.3;158
Творог «Беллакт»  9%,  280 г;15;9;1.5;147,0
Сыр мягкий  «Беллакт»  сливочный, 60%, 150 г;8.3;18;2.5;205,2
Йогурт питьевой «Беллакт» с бифидобактериями, груша-банан, 2,6%,210 г;2.7;10.9;10.9;77,8
Сыр мягкий  «Беллакт» с грибами, 60%, 150 г;8.3;18;2.5;205,2
Сыр мягкий  «Беллакт» со вкусом креветки, 60%, 150 г;8.3;18;2.5;205,2
Йогурт сладкий «Беллакт» с ароматом манго, 2,6%, 400 г;3.4;2.6;11.8;84,2
Сыр мягкий  «Беллакт» с чесноком, 60%, 150 г;8.3;18;2.5;205,2
Сыр «Маасдам»  45%, 200 г ;23;26.1;330;/1350
Сыр с белой плесенью «Natura selection» Бри, 60%, 125 г;17;32;356;/1490.5
Сыр с белой плесенью «Natura selection» Камамбер, 50%, 125 г;18;23;279;/1168.1
Йогурт греческий «Yогурт» Olimp, 2%, 230 г;8;2;4.2;67
Сыр мягкий «Fresko» Рикотта, 10%, 800 г;8.5;2.5;14;110
Мороженое «Морозпродукт» ананас, прослойка щербета, маракуйя, 1000 г;17;5;25.8;155
Йогурт питьевой «Чудо» клубника-земляника, 2%, 290 г;2;3.1;16;94
Йогурт «Чудо» со вкусом вишни и черешни, 2%, 290 г;3.1;2;16.3;96
Йогурт «Чудо» персик, маракуя, 2%, 290 г;3.1;2;16;94
Йогурт питьевой «Чудо» клубника-земляника, 1.9%, 260 г;2.8;1.9;13.9;84
Молочный коктейль «Топ» со вкусом клубники, 2 %, 450 г;2.3;2;9;63.2
Молочный коктейль «Топ» молочный шоколад, 2%, 450 г;2.3;2;10.5;69.2
Мороженое «20 копеек» пломбир шоколадный, 70 г;3.9;14.4;24.4;243
Сыр Гойя «Zalgris» 50%, 1 кг;33;24;1;342
Творог «Беллакт»  9%,  180 г;15;9;1.5;147.0
Мороженое «Морозпродукт» с черникой и вкусом черники, 1 кг;2.5;7.2;28;87
Масло «Стары Менск» 82.5%, 400 г;0.5;82.5;0.8;750
Сыр мягкий «Chef Works» 10%, 800 г;8;2.5;14;110
Продукт белковый «DelicaCheese» 50%, 800 г;5;18;12;230
Сыр творожный «Bonfesto» Кремчиз, сливочный, 70%, 400 г;7.1;25.7;2.1;270
Напиток молочно-кофейный «Hochwald» Eiscappuccino, 250 мл;2.9;1.9;9.3;66
Напиток молочно-кофейный «Hochwald» Eiskaffee, 250 мл;2.9;0.8;8.7;54
Напиток молочно-кофейный «Hochwald» Eismocca, 250 мл;3;1.9;10.1;70
Напиток молочно-кофейный «Hochwald» Eisschoko, 250 мл;3.4;1.6;10.2;66
Биопродукт кисломолочный «Бифитат» 2,5 %, 0,25 кг;2.9;2.5;4.7;55
Сыр с голубой плесенью «Castello» blue classic, 50 %, 100 г;20;25;3;310
Морковь мытая «NovoVita»;1.3;0.1;7.2;34
Морковь мытая «NovoVita» для сока;1.3;0.1;7.2;34
Уп. Молоко ультрапастеризованное «LATTE BARISTA» 3.2%,12х1 л;3.2;3.2;4.7;60
Уп.Молоко «Малочны гасцiнец» ультрапастеризованное 2.5%, 12х1 л;2.8;2.5;4.7;50
Уп. Молоко «Малочны Гасцiнец» ультрапастеризованное, 3.2%, 12х1 л;2.8;3.2;4.7;60
Уп. Молоко «Савушкин продукт» ультрапастеризованное, 1.5 %, 12х1 л;3;1.5;4.7;43.5
Масло крестьянское «Ульянка» сладкосливочное, несоленое, 72.5%, 160 г;0.8;72.5;1.3;660
Уп. Молоко «Славянские традиции» стерилизованное, 1.5 %, 12х1 л;3.1;1.5;4.7;45
Уп. Молоко ультрапастеризованное «Малочны гасцiнец» 3.2%, 12х1 л;3.1;3.2;4.7;60
Творог «Ясь Белоус» классический, 5%, 700 г ;15;5;1.5;111
Капуста цветная;0.7;0.1;2.7;13
Сыр твердый пармезан «Laime» 40%, 1 кг;33;25;357;/
Сыр твердый пармезан «Dziugas» 40%, 1 кг;33;26;367;/
Напиток кисломолочный «Exponenta» дыня канталупа, 500 г;6;3;35;/150
Сыр «Белорусское золото» 45%, 1 кг;28.1;26.4;350;/
Молоко «Брест-Литовск» ультрапастеризованное, 3.6%;3;3.6;4.7;63.2
Взбитый крем на растительной основе «Bianca Lieve» 250 г;1.1;27;14;303
Сыр мягкий «Bonvistto» Моцарелла, для пиццы, 40%, 500 г;25;19;271;/
Йогурт «Беллакт» с наполнителем груша-ваниль, 2.9%, 380 г;3.4;2.9;14.5;97.7
Творожный продукт «Даниссимо» со вкусом пломбира 5,4%, 110 г;5.4;5.3;13.2;123
Творожный продукт «Даниссимо» со вкусом сливочной карамели 5,6%, 110 г;5.6;5.1;15.9;134
Сыр мягкий «Pretto» Рикотта, 25%, 500 г;8.5;4.7;3.7;91
Десерт творожный «1М Молочный» соленая карамель, 18%, 50 г;9.8;18;35.9;390
Десерт творожный «1М Молочный» миндаль-кокос, 18%, 50 г;8.7;18;37.5;390
Творог «Беллакт» 5%, 180 г;15.5;5;1.5;113
Сливки питьевые ультрапастеризованные, 10%, 0.5 л;2.6;10;4;120
Маслята «И зимой и летом» замороженные, 300 г;1;0.4;3;20
Смесь грибная «И зимой и летом» замороженная, 300 г;2.6;0.8;2.4;27
Мороженое пломбир «Мишка на полюсе» с ароматом ванили, глазированное, эскимо, 15%, 70 г;3.7;24.5;28.8;331
Сыр «Молочный мир» Голландский премиум, 45%, 1 кг;24.8;25.2;326;/
Молочный пудинг «Чудо» со вкусом ванили, 3%, 125 г;2.5;3;14;93
Кисломолочный напиток «Имунеле» мультифрукт, 1.2%, 100 г;2.5;1.2;12.8;72
Кисломолочный напиток «Имунеле» Нео, с ароматом земляники 1.2%,100 г;2.5;1.2;13;73
Молочный коктейль «Чудо» со вкусом клубники, 2%, 960 г;2.9;2;9.4;67
Молоко  сгущенное «РогачевЪ» с сахаром и какао 7,5%, 270 г;7.4;7.5;54.6;320
Сыр «Буррата» со вкусом соуса песто, базиликом и орегано, 50%, 200 г;12;18;3;222
Молоко «Минская марка» стерилизованное, 3.2%, 12х1 л;1;3.2;3.1;60
Яйца куриные  «Молодецкие Золотые» С-1, цветные;12.7;11.5;0.7;157
Яйца куриные «Молодецкие Золотые» С-2, цветные;12.7;11.5;0.7;157
Напиток кефирный «Exponenta» обезжиренный,  со вкусом вишни и ванили, 450 г;5;4.5;38;/160
Сливки питьевые ультрапастеризованные, 33%, 0.5 л;2.6;33;4;320
Яйца куриные белые,  С-1, 10 шт;12.1;10.5;0.7;145.7
Творог «Беллакт»  1%, 180 г;16.3;1;1.3;79,4
Масло «Малочны Фальварак» 82.5%, 360 г;0.5;82.5;0.8;750
Напиток на основе пахты «Маслёнка» груша-лён-злаки, 1,5%, 500 г;3.3;1.5;12;75
Коктейль молочный «РогачевЪ» кокос, стерилизованный, 2.5%, 200 г;2.5;3.3;95;75
Напиток «Alpro» соево-банановый, 1 л;1.4;0.9;8.4;47
Черника «Марьино» замороженная, 300 г;0.2;9.5;57;/
Сливки «Малочны гасцiнец» пастеризованные, 10%, 200 г;2.8;10;4;117.2
Йогурт «Лёгкий»с наполнителем абрикос -манго,  1,0 %, 415  г;2.9;2.9;1;66.6
Молоко «Ясь Белоус» ультрапастеризованное, 3.2%;3;3.2;4.7;59.6
Масло «Ясь Белоус» шоколадное, 62%, 200 г;1.2;62;19.6;645
Сырок творожный «Alpen Gold» черника в шоколадной глазури, 20%, 40 г;10.2;23.5;33.5;386
Пудинг «Минская марка» с ванилином, 7%, 160 г;7.6;7;14.7;150
Коктейль молочный «Топ» с какао и вкусом молочного шоколада, 2%, 800 г;2.3;2;10.5;69,2
Сырок творожный глазированный «Топ» шоколад, 20%, 40 г;7.8;23.2;28.4;362,4
Сырок творожный глазированный «Топ» манго, 20%, 40 г;8;23.2;30.6;363,2
Сырок творожный глазированный «Топ» молоко сгущенное вареное, 20%, 40 г;8;23.2;30.6;363,2
Сырок творожный глазированный «Топ» клубника, 20%, 40 г;8;23.2;30.6;363,2
Крем с творогом «Queen» Пудинг классический, 3%, 120 г   ;2;3;20;120
Сыр плавленый «President» сливочный, 40%, 150 г;13.5;17.5;6;240
Сыр плавленый «President» с ветчиной, 40%, 150 г;13.5;17.5;6;240
Сыр полутвердый «Брест-Литовск» с ароматом топленого молока, 45%, 200 г;25;24;316,0;/
Продукт кисломолочный «Exponenta» со вкусом клубники, 2,5 %, 100 г;3.1;2.5;5.2;56
Продукт кисломолочный «Exponenta» со вкусом манго, 2,5 %, 100 г;3.1;2.5;5.2;56
Продукт кисломолочный «Exponenta» со вкусом черная смородина, 2,5 %, 100 г;3.1;2.5;5.2;56
Масло сладкосливочное «Легкая цена» Крестьянское, несоленое, 82.5%, 160 г;0.5;82.5;0.8;750
Творожный десерт «Минская марка» ваниль, 5%, 400 г;7.5;5;13.8;130
Желе пастеризованное «Skittles» со вкусом клубники, 150 г;4.8;13;58;/
Желе пастеризованное «Skittles» со вкусом ананаса, 150 г;1.5;13;58;/
Сыр плавленый «Ласковое лето» сливочный, 45%, 100 г;12.2;15.6;5;210.4
Продукт «Косичка» 40%, копченый, 1 кг;19.2;22;9.5;984
Розмарин 30 г;3.31;5.86;6.6;131
Руккола 40 г;2.58;0.66;3.65;25
Укроп 40 г;3.5;1.1;7;47
Набор зелени 70 г;2.3;0.6;5.1;30.6
Сыр творожный «Кремчиз воздушный» Сладкий Чили, 65 %, 125 г;5.5;20.5;210;/850
Сливки питьевые ультрапастеризованные «Простоквашино» 10%, 205 г;2.7;10;4.2;118
Сливки питьевые ультрапастеризованные «Простоквашино» 20%, 200 г;2.6;20;4;206
Йогурт «Даниссимо» с шариками, клубника-шоколад, 6,9%, 105 г ;3.3;6.9;11.9;123
Творожный продукт «Даниссимо» земляничный чизкейк, 5,6%, 110 г ;5.2;5.6;14.8;130
Сыр «Золотой Ларец» со вкусом топленого молока, 50 %, 245 г;22.7;30.5;370;/
Сыр «Ларец» с вялеными томатами и орегано, 50 %, 245 г;23.7;30.5;370;/
Сыр «Ларец» с грецкими орехами, 50 %, 245 г;23.6;30.8;370;/1548
Молоко ультрапастеризованное «Ясь Белоус» 2.5%;2.8;2.5;4.7;53
Сыр мягкий «Greco» Президент, 45%, 250 г;12;16.7;3.7;213
Напиток овсяный «Nemoloko» ванильный, 200 мл;1;3.2;6.5;60
Напиток овсяный «Nemoloko» фруктовый «Экзотик» 200 мл;1;0.5;11;50
Паста творожная десертная «Савушкин» 3.5 % с кусочками шоколада,120 г;2.3;2;10.5;69.2
Творог «Савушкин» рассыпчатый, 9 %  700 г;16;9;1.5;151
Молочный коктейль «Топ» со вкусом банана, 2%, 450 г;2.3;2;9;63.2
Молочный коктейль «Топ» со вкусом фисташка-кокос, 2%, 450 г;2.3;2;9;63.2
Ряженка «Савушкин» с фруктовым наполнителем манго, 2.0%, 420 г;2.8;2;9.1;65.6
Сыр плавленый «Ласковое лето» с какао, шоколадно-ореховый, 30%, 350 г;11.4;14.6;17.5;247
Молоко сухое «Стандарт» обезжиренное, 500 г;31.8;1.5;51.8;347
Биойогурт питьевой «Активил» с ароматом чернослива, 2%, 800 г;2.1;2;9;62.4
Клубника «Марьино» быстрозамороженная, 400 г;0.8;0.4;6.7;33
Пирожное «Беллакт» с творогом и вафлей, вкус Тирамису, 23 %, 100 г;5.9;22.4;38.6;379,6
Напиток овсяный «Nemoloko» классический, 200 мл;1;3.2;6.5;60
Напиток овсяный «Nemoloko» шоколадный, 200 мл;1;3.2;9.5;70
Напиток кокосовый «Green Idea» 1л ;0.7;1.5;6;40
Напиток овсяный «Green Idea» 1л ;1;1.5;5;38
Напиток соевый «Green Idea» 1 л ;2.2;1.2;1.5;38
Напиток фисташковый, 300 мл;0.9;2.6;0.7;29,8
Напиток из фундука, 300 мл;0.6;3;0.4;31
Напиток миндальный, 300 мл;0.6;2.6;0.5;27,3
Напиток миндальный «Green Idea» 1 л;0.7;1.5;6;40
Йогурт «Савушкин» банан, 2%, 120 г;2.9;2;13.5;83.5
Йогурт «Савушкин» земляника-банан, 2%, 930 г;2.9;2;10;69.6
Капуста маринованная «Нежино» По-грузински, 600 г;2;0.1;8;45
Творожный десерт «Молочный Гостинец» взбитый, земляника, 7%, 125 г;7.1;7;12.9;143
Масло сладкосливочное несоленое «Беллакт» 74,0%, замороженное, 160 г;0.7;74;1.2;673,6
Трубочка для молока «Зебра в клеточку» микс, 5х6 г;97;390;/;1650
Трубочка для молока «Молшебная палочка» микс, 5х6 г;96.75;387;/;1620
Трубочка для молока «Молшебная палочка» микс, 5х6 г;96.75;387;/;1620
Сливки «Простоквашино» ультрапастеризованные, 10%, 500 г;2.9;10;4.5;120
Сливки «Простоквашино» ультрапастеризованные, 20%, 500 г;2.6;20;4;206
Творожный продукт «Простоквашино» с вишней и бананом 3,6 %, 110 г;6.7;3.6;12.7;110
Творожный продукт «Простоквашино» с ананасом и бананом 3,6 %, 110 г;6.7;3.6;12.9;111
Йогурт «Простоквашино» с вишней и черешней 2,9%, 110 г;3.6;2.9;12;89
Йогурт «Простоквашино» с персиком 2,9%, 110 г;3.6;2.9;12;89
Йогурт «Савушкин» клубника-земляника, 2,0 %, 120 г;3;2;15.5;93
Молоко «Бабушкина крынка» ультрапастеризованное, 2.5%;2.9;2.5;4.7;55
Свекла столовая «Ферма» ранняя;1.5;0.1;8.8;43
Молоко «Ясь Белоус» ультрапастеризованное, 3,2%;3.1;3.2;4.7;60
Биокефир «Ясь Белоус» 1%, 930 г ;3.1;1;4;35
Кефир «Ясь Белоус» 3,2%, 930 г;3.1;3.2;4;50
Печенье орешки «Brown's Bakery» с начинкой «Варенка» 65 г;5;17.4;51.9;380
Творог «Брест-Литовск» 5%, 200 г;16.5;5;1.5;117
Сметана «Беллакт» 24%, 400 г;2.5;24;2.9;237.6
Продукт кисломолочный «Снежок» 2,5%, 500 г;2.8;2.5;11;77,7
Масло сладкосливочное «Беллакт» несоленое, 83.5%, 160 г ;0.6;83.5;0.9;757.5
Лук зеленый «Мистер шпинат» 50 г;1.8;0.2;7;32
Руккола «Мистер шпинат» в лотке, 20 г;2.6;0.7;2.1;25
Тимьян «Мистер шпинат» в лотке, 20 г;5.56;1.68;10.45;101
Авокадо «Sozrello» зрелое;0.9;0.1;3;31
Картофель ранний «Ферма» фасованный;2;0.4;16.3;77
Сыр плавленый «Fresko» сливочный, 45%, 130 г;8.9;18.9;9.9;250
Сыр плавленый «Fresko» с ветчиной, 45%, 130 г;9.1;18.9;9.4;240
Йогурт питьевой «Оптималь» апельсин-облепиха-имбирь, 2,0 %, 415 г;2.9;2;11.2;74.4
Паста творожная десертная «Савушкин» ваниль, 3.5 %,120 г;7;3.5;13;111,5
Паста творожная десертная «Савушкин» яблочный штрудель, 3.5 %,120 г;7;3.5;13;111,5
Сыр творожный «SVEZA» Розмарин-чеснок, 60 %, 150г;13.1;16.6;1.5;213.8
Мороженое сливочное эскимо «Магнат» с кокосом и шербетом маракуйа, 70 г ;3.7;17.8;34.3;16
Сыр творожный «Cream Nuvo» с наполнителем Шампиньоны, 65%, 170 г;7;24;3.8;259
Масса сырная из рикотты «Bonfesto» сырники, 25%, 500 г;7;7;16;150
Сыр полутвердый «Гауда Лайт» 40%, 1 кг;25.1;19.1;270;/
Творог зерненый «101 зерно» апельсин-ананас, 5%, 130 г    ;10;3;2.8;96
Мороженое пломбир «20 копеек» с наполнителем малина, 75 г  ;3.3;12.7;28.1;240
Картофель мытый;0.2;0.1;19.7;83
Трубочка для молока  «Чебурашка» микс, 30 г;97;390;/;1631,76
Сырок творожный глазированный «Минский молочный №1» соленая карамель, 18%, 45 г;10.6;22.4;31.2;370
Сырок творожный глазированный «Минский молочный №1» кокос-миндаль, 18%, 45 г;9.3;23.3;33;380
Йогурт безлактозный «Здравушка»  яблоко-банан 1,5%,430 г;3.1;1.5;11.7;70
Йогурт безлактозный «Здравушка» 1,7%, 430 г ;3.4;1.7;5.3;50
Яйца куриные белые «Курочкина дача» С-1, 10 шт;12.1;10.5;0.7;145.7
Творог «Мягкий» 5 %, 125 г;8.5;5;1.6;85.4
Сыр творожный воздушный «SVEZA» 60 %, с авокадо, 150 г;6;20.5;3.6;222.9
Творог «Мягкий нежный» обезжиренный, 200 г;10;0.1;1;44.9
Масло сладкосливочное несоленое «Крестьянское» 72.5%, 160 г;0.8;72.5;1.3;660.9
Напиток кисломолочный «Ayran» 1.5%, 250 г;1.9;1.5;2;29,1,
Молоко сухое «Рогачевъ» цельное, 26%, 300 г;23.8;26;38.7;484
Молоко сухое «Калинка» обезжиренное, быстрорастворимое, 300 г;32;1.5;50;340
Яйцо куриное «Родное подворье» С2, 10 шт;11;10;1;138
Масло сливочное «Минская марка» соленое, прованские травы, 69,0%,180 г;1.4;69;2.5;637
Масло сливочное «Минская марка» соленое, пряный чеснок, 69,0%, 180 г ;1.4;69;2.5;636
Паста десертная «Беллакт» с какао и фундуком, 25%, 250 г;3.2;25;36.5;383.8
Сыр «Ясь Белоус» Российский молодой, 50%, 200 г;25.7;29.3;366.5;/
Сыр рассольный сливочный «Сиртаки» для греческого салата, 50 %, 200 г;7.3;20;8.5;243
Йогуртный продукт «Легкий» малина-банан, 1,5 % , 350 г;2.5;1.5;14.5;81.5
Сыр твердый «Брест-Литовск» выдержанный , 45%, 1 кг;26;27.4;350.6;/1455.8
Напиток молочно-кофейный «Eismacchiato» ультрапастеризованный, 1,4 %, 250 мл;2.9;1.4;8.3;8
Крем взбитый на растительных маслах ультрапастеризованный «Фитнес» 24 %, 250 г;1.1;24;7.8;256
Взбитый крем на растительных маслах «Кулинар» ультрапастеризованный, 26,5%, 250 г;1.1;26.5;14;303
Сгущенное молоко «Рогачевъ» с сахаром, 8,5%, 650 г;8;8.5;56;330
Бифидопродукт «Бифидин» 3.2%, 200 г;3.1;3.2;4.8;60.4
Творожный десерт «Беллакт» с персиком и абрикосом в глазури,24,0%, 75 г;6.7;24.4;38.6;400,8
Масло сладкосливочное «#Можно» безлактозное, 82,5%, 180 г ;0.4;82.5;0.7;746.9
Масло сладкосливочное несоленое Брест-Литовск» 82,5 %, 1 кг;0.5;82.5;0.8;747.7
Коктейль «Это вкусно» 2%, малина, 430 г;3;2;10.1;70
Коктейль «Это вкусно» 2%, бельгийский шоколад, 430 г;3;2;10.1;70
Напиток кисломолочный «Это вкусно» 1%, персик, 430 г;2.4;1;9.1;55
Напиток кисломолочный «Это вкусно» 1%, черника, 430 г;2.4;1;9.1;55
Напиток кисломолочный «Это вкусно» 1%, клубника, 430 г;2.4;1;9.1;55
Йогурт «Бабушкина крынка» 2.5%, персик, 200 г;3.3;2.5;13;90
Йогурт «Бабушкина крынка» 2.5%, банан, 200 г;3.3;2.5;13;90
Йогурт «Бабушкина крынка» 2.5%, малина, 200 г;3.3;2.5;13;90
Йогурт «Бабушкина крынка» 2.5%, пломбир, 200 г;3.3;2.5;12.7;85
Мороженое сливочное «Топ» черная вишня, с ароматом йогурта, 7%, 70 г;3.5;7;27;180
Сырок глазированный «Клецкая Крыначка» с ароматом ванили, 26%, 45 г;7.3;28.2;31.7;412
Сырок глазированный «Клецкая Крыначка» с какао и ванилью, 12%, 45 г;12.6;17.3;34.9;350
Сливки безлактозные пастеризованные «Ляховичок» 10%, 500 мл;2.8;10;4;117,0
Напиток кисломолочный «Тайран по-турецки» со вкусом солёного огурца с укропом, 1,5 % 220 г;1.9;1.5;3.1;34
Сырок тво­рож­ный гла­зи­ро­ван­ный «Топ» ваниль-пломбир и кусочками шоколадной глазури, 20%, 35 г;8.5;25.8;27.6;377.5
Сырок тво­рож­ный гла­зи­ро­ван­ный «Топ» с какао и кусочками шоколадной глазури, 20%, 35 г;8;25.9;28.7;379.9
Мороженое пломбир «28 копеек» кофейный в глазури эскимо, 70 г;2.9;23.9;20.3;308
Мороженое пломбир «20 копеек» клубничный в вафельном сахарном рожке с глазурью, 80 г;5.2;12.6;35.4;276
На­пи­ток кис­ло­мо­лоч­ный «Exponenta Иммуно Шот» со вкусом Кола, 2,55%, 100 г;3.1;2.5;5.2;56
Сметана «Беллакт» 17%, 180 г;2.6;17;2.9;175
Сметана «Беллакт» 17%, 380 г;2.6;17;2.9;175
Торт c творогом «Беллакт» с начинкой ореховая нуга в глазури, 24 %, 200 г;6.8;21.8;37;371,4
Сырок тво­рож­ный гла­зи­ро­ван­ный «Топ» со вкусом соленая карамель и кусочками глазури, 20%, 35 г;8.5;25.9;28.4;380.7
Сыр творожный «Sveza» базилик, чеснок и петрушка, 60%, 150 г;6;22;3.5;236
Сметана «Витебское молоко» 25%, 500 г;2.4;25;2.9;246.2
Сыр полутвердый «Басни о сыре» Чеддер Лайт, 40%, 1 кг;25.8;20.5;290;/
 Йогурт «Ба­буш­ки­на крын­ка» с фруктовым наполнителем банан, 2%, 150 г;2;3.2;14.7;90
Продукт белковый «Fresko» Чиз лайк, на кокосовом масле, 50%, 700 г;5;18;12;320
Сыр полутвердый «Sveza» Сулугуни, 40%, 1 кг;23;21.6;286;/
Сметана «Беллакт» 24%, 380 г;2.5;24;2.9;237.6
Коктейль «Непоседа» мультифруктовый со сливками, 200 мл;0.7;3.8;8;70
Мороженое «Чебурашка» аромат ванили и апельсиновый наполнитель, 70 г;3.5;7;28;190
Уп. Коктейль «Непоседа» банановый с молоком, 27х200 мл;1.5;1.5;10;60
Уп. Коктель «Непоседа» клубнично-банановый  со сливками, 27х200 мл;1;4;9;75
Уп.Коктейль «Непоседа» яблочный с молоком, 27х200 мл;1;0.5;9;45
Уп. Коктейль «Непоседа» мультифруктовый со сливками, 27х200 мл;0.7;3.8;8;70
Сметана «Беллакт»  17,0%, 400 г;2.6;17;2.9;175
Йогурт низколактозный «Молочный Мир» 3%, ананс - куркума, 350 г;3.6;3;9;75
Йогурт низколактозный «Молочный Мир» 3%, клубника -земляника, 350 г;3.6;3;9;75
Йогурт низколактозный «Молочный Мир» 3%, манго, 350 г;3.6;3;9;75
Сыр плавленый «Ласковое лето» со вкусом и ароматом ветчины, 45%, 100 г  ;12.3;15.6;5;209.6
Сыр полутвердый «Брест-Литовск» Легкий, 35%, 380 г  ;31.2;18.2;288.6;/
Сыр плавленый «Ласковое лето» сливочный, 45%, 100 г  ;12.3;15.6;5;209.6
Сливки питьевые стерилизованные «Бабушкина крынка» 10%, 1000 г;10;2.8;4;120
Напиток кисломолочный обезжиренный «Exponenta High-pro» малина-банан, 250 г;12;2.5;60;/
Сыр «Молочный мир» Белорусское золото, 45%, 1 кг;25.8;26.4;340;/
Сыр полутвердый «Брест-Литовск» с ароматом топленого молока,45 %, 1 кг;25.5;24.4;324.3;/1347.4
Масло  «Брест-Литовск» сладкосливочное, несоленое, высший сорт, 72,5, 400 г ;0.8;72.5;1.3;660.9/
Мороженое сливочное «Биг Топ» ром, изюм, шоколад, 7%, 250 г;3.5;7;26;180
Мороженое сливочное «Биг Топ» с ароматом ванили, 7%, 250 г;3.5;8.5;20;170
Мороженое сливочное «Биг Топ» вишня, ваниль, шоколад, 7%, 250 г;3.5;7.5;25;180
Фруктовый лед «Топ» мандарин, лимон, 70 г;26;100;/;440
Смесь сухая для мороженого «Sovetskoe» 1 кг;22.5;7;63.3;406
Морковь, 1 кг;0.5;0.3;11.5;67
Пудинг творожный «Савушкин» со вкусом молочного шоколада, 4.0 %, 130 г;6;4;10;106
Пудинг творожный «Савушкин» со вкусом вишни, 4.0 %, 130 г;6;4;10;106
Пудинг творожный «Савушкин» со ароматом ванили, 4.0 %, 130 г;6;4;10;106
Пудинг творожный «Савушкин» со вкусом карамели, 4.0 %, 130 г;6;4;10;106
Лук репчатый;1.5;0.2;8.3;68
Сыр плавленый «President» с грибами, 40%, 150 г;12.5;17.5;5;228
Кефир «Савушкин» 2.5%, 950 г;2.8;2.5;4;49.7
Напиток на основе молочной сыворотки «Skittles» апельсин, 950 мл;0.9;10.3;45;/
Напиток на основе молочной сыворотки «Skittles» вишня-клюква, 950 мл;0.9;10.3;45;/
Биойогурт «АктиБио» яблоко-вишня-финик, без сахара 1,5%, 260 г ;1.5;3;10.1;66
Биойогурт «АктиБио» с черникой, злаками и льняными семенами, 3%, 130 г;3;4.2;14.9;103
Биойогурт «АктиБио» с вишней 2,9%, 130 г ;2.9;4;15;102
Биойогурт «АктиБио» ананас, маракуйя, шпинат и семена чиа, 2.2%, 140 г;2.2;3.3;14.4;91
Биойогурт «АктиБио» с черносливом 2,9%, 130 г;2.9;4.1;14.1;99
Биойогурт «АктиБио» натуральный 3,5%, 130 г;3.5;4.8;7.6;81
Биойогурт «АктиБио» персик, манго, гуава, чиа, амарант и лен, 140 г;2.2;3.3;15.2;94
Биойогурт «АктиБио» с клубникой 2,9%, 130 г;2.9;4.1;14.6;101
Биойогурт «АктиБио» груша, киви, виноград и спирулина, 2.2%, 140 г;2.2;3.2;15;93
Биойогурт «АктиБио» с виноградом,манго,папайей и чиа без сахара 2,9%, 130 г ;2.9;3.8;9.8;81
Биойогурт «АктиБио» клубника-голубика-асаи-семена чиа 2,0%, 140 г;2.2;3.3;14.9;93
Биойогурт «АктиБио» с вишней, яблоком и малиной без сахара 2,9%, 130 г ;2.9;3.8;9.2;78
Биойогурт «АктиБио» с клубникой, яблоком и питахайей без сахара 2,9%, 130 г ;2.9;3.8;9.3;79
Биойогурт «АктиБио» натуральный 3,5%, 220 г;3.5;4.8;7.6;81
Биойогурт «АктиБио» с манго 3,0%, 110 г;3;3.9;12;91
Биойогурт «АктиБио» с малиной 3,0%, 110 г;3;3.9;12;91
Биойогурт «АктиБио» с черникой и ежевикой, 3.0%, 110 г;3;3.9;11.9;90
Биойогурт «АктиБио» с отрубями и злаками, 2.9%, 220 г;2.9;4.3;13.6;98
Биойогурт «АктиБио» черника, злаки и льняные семена, 1.6%, 260 г;1.6;3;11.9;74
Биойогурт «АктиБио» с клубникой и земляникой 1,5%, 260 г ;1.5;2.9;11.9;73
Биойогурт «АктиБио» с вишней и семенами чиа, 1.5%, 260 г;1.5;2.9;11.4;71
Биойогурт «АктиБио» с малиной и гранатом, 1.5%, 260 г;1.5;2.9;12.2;74
Биойогурт «АктиБио» натуральный 1,8%, 260 г ;1.8;3.5;5.3;51
Биойогурт «АктиБио» с дыней, клубникой и земляникой, 1.5%, 260 г;1.5;2.9;12.5;75
Биойогурт «АктиБио» с манго и яблоком, 1.5%, 260 г;1.5;2.9;11.6;72
Биойогурт «АктиБио» со злаками 1,6%, 260 г;1.6;3;11;70
Биойогурт «АктиБио» яблоко-клубника-черника, без сахара 1,5%, 260 г ;1.5;3.1;10.2;67
Биойогурт «АктиБио» яблоко-персик без сахара 1,5%, 260 г ;1.5;3;10.1;66
Мороженое «Каприз» пломбир с тертой ванилью и крошкой печенья, 150 г  ;2.9;12.4;23.1;216
Мороженое «Каприз» пломбир шоколадный, 150 г  ;3;13.2;22.3;220
Яйца куриные вареные в маринаде, 1 сорт,  200 г;12.7;11.5;0.7;160
Молоко «Здравушка» А2 стерилизованное, с массовой долей жира 3,2 %, 1 л;3.1;3.2;4.7;60
Сыр «Голландский» 45%, 1 кг;27.4;26.4;347.2;/
Йогуртный продукт «Fruttis» вишня-черника 5%, 115 г;2.2;5;17;122
Йогуртный продукт «Fruttis» сливочное лакомство, 5%, 115 г;2.2;5;16;120
Йогуртный продукт «Fruttis» персик-маракуйя, вишня, 8%, 115 г;2.1;8;16;140
Йогуртный продукт «Fruttis» груша, яблоко, клубника, 8%, 115 г;2.1;8;16;140
Сгущенное молоко «Ирландский крем» 8.5%, 380 г;8;8.5;56;330
Мороженое эскимо «BRandICE» миндально-фисташковое, 70 г;3.7;16.3;17.2;230
Мороженое эскимо «BRandICE» белый бархат, 70 г;4.4;22;29.1;332
Мороженое «BRandICE» бейсбольный орешек, 600 г;5;12;28;240
Мороженое «BRandICE» миндально-фисташковое,600 г;5;18;20;270
Мороженое «BRandICE» пралине, 600 г;4;12;31;60
Мороженое «BRandICE» сливки с печеньем, 600 г;4;15;27;250
Десерт вегетарианский взбитый «Frudoza Vegan» замороженный, с тертой ванилью, 145 г;1;4.7;26.9;160
Десерт вегетарианский взбитый «Frudoza Vegan» замороженный, с протертыми фисташками, 145 г;1.4;6.2;25.6;164
Молочный коктейль «Топ» со вкусом пломбира, 2 %, 450 г;2.3;2;9;63.2
Сырок творожный глазированный «Топ» с ароматом ванили в темной глазури, 20%, 40 г;9.5;22.8;28.6;357.6
Сырок творожный глазированный «Топ» абрикос, 20%, 40 г;8;23.2;30.6;363.2
Сырок творожный глазированный «Топ» пина колада, 20%, 40 г;8;23.2;30.6;363.2
Сыр «РогачевЪ» со вкусом сгущенного молока,  45%200 г;23;25;320;/1330
Мороженое «Frudoza» vegan, со вкусом клубники, 145 г;1.1;5.4;26.7;159
Сыр полутвердый «Брест-Литовск» сливочный, 50 %, 1 кг;22.5;29.5;355.5;/1487.9
Сыр полутвердый «Брест-Литовск гранд» маасдам, 45 %, 1 кг;25.4;26.1;336,5;/1397,5
Сыр мягкий сливочный «Молочный мир» 55%,300 г;7.4;20;3.2;230
Сыр «Королевский трюфель» с грибами ,45%, 1 кг;26;28;360;/1510
Молоко концентрированное стерилизованное «Топленое молоко» цельное, 8.6%, 300 г;6.5;8.6;10.5;150
Авокадо;0.9;0.1;3;31
Сельдерей корень;1.5;0.3;42;/
Сыр колбасный «Молочный гостинец» Минчанка, 40%, 1 кг;23;19.2;265;/
Яйца перепелиные «Молодецкие» 20 шт;12.8;13.1;0.6;168
Молоко «Славянские традиции» стерилизованное, 3.2%;3.1;3.2;4.7;60
Сырок творожный глазированный «Молочная страна» с печеньем, клубника, 40 г;9.1;21.4;41.8;400
Сырок творожный глазированный «Молочное раздолье» с ванилином, 26%, 50 г;7.3;28.2;31.7;411
Молочный десерт «Kinder Pingui» пирожное бисквитное, 30 г;7;29.7;37.8;450
Сливки порционные «Campina» стерилизованные, 10%, 10 г;3;10;4.1;120
Сырок творожный «Молочная страна» Любимый, аромат ванилина, 8.5%, 100 г;14.4;8.5;11.8;180
Яблоко «Мутсу»;0.26;0.18;13.8;52
Сметана «Витебское молоко» 20%, 500 г;2.5;20;2.9;202
Слива крупная, 1 кг;0.8;0.3;9.6;53
Мороженое «28 копеек» пломбир в лимонной глазури, 70 г;3.1;25.1;19.6;317
Бифидопродукт «Бифидин-Вита» абрикос 3.2%, 200 г;3.1;3.2;8.7;76
Тыква;2.5;0.3;5.4;30
Мороженое «Soletto» фисташки и марципан, 75 г;3.5;11;35;250
Масло сладкосливочное «Бабушкина крынка» Элитное, несоленое, 84%, 180 г;0.6;84;0.8;760
Йогурт «Даниссимо» с хрустящими шариками в шоколаде 6,9%, 105 г;3.1;6.9;12.3;124
Сырок творожный глазированный «Молочная страна» с печеньем, сгущенка, 40 г;9.4;21.9;41.7;400
Персик;0.9;0.2;11.8;53
Йогурт питьевой «Оптималь» без сахара, 2%, 415 г;3.3;2;5.2;52
Сгущенное молоко «Рогачевъ» цельное с сахаром, 8.5%, 380 г;7.2;8.5;43.5;330
Сгущенное молоко «Рогачевъ» с сахаром, 8.5%, 380 г;7.2;8.5;56;329
Сгущенное молоко «Рогачевъ» с сахаром и какао, 7.5%, 380 г;8.2;7.5;54.6;318.7
Лук порей;3;0.1;8.2;40
Яйца куриные «Оршанская Птицефабрика» С2;13;11.5;1;132
Бифидопродукт «Бифидин» Здоровячок, 3.2%, 200 г;3.1;3.2;8.7;76
Сыр плавленый «President» сливочный, 45%, 400 г;12.5;7.5;5;138
Ряженка «Савушкин» 3.2 %, 420 мл;2.8;3.2;4.1;56.4
Капуста квашеная «Leor» классическая, 850 г;2;2;15;/
Мандарин;0.9;0.2;7.3;35
Лимон;0.9;0.1;3;34
Творожный продукт «Даниссимо» с хрустящими шариками 7,2%, 130 г;5;7.3;16.8;153
Творожный продукт «Даниссимо Браво» с шоколадом 6,7%, 130 г;5.1;7;15.9;147
Грейпфрут «White Marsh»;0.9;0.2;7.3;35
Груша «Пакхам»;0.6;0.4;15.1;44
Кефир «Савушкин» 1.5%, 950 г;3;1.5;4;41.5
Нектарин;0.9;0.2;11.8;53
Сыр полутвердый «Брест-Литовск» сливочный, 50%, 1 кг;22.5;29.5;0;355.5
Томат слива грунтовой,  1 кг;1;0.2;3;20
Кефир «Сафiйка» 2.5%, 950 г;3.2;2.5;4;51
Сгущенное молоко «Рогачевъ» цельное с сахаром, 8.5%, 380 г;8;8.5;56;330
Молоко «Моя Славита» ультрапастеризованное, 3.2%;2.8;3.2;4.7;59
Молоко детское «Депи» стерилизованное, 3.2%;2.8;3.2;4.7;60
Мороженое «Тимоша» пломбир классический, 12%, 1 кг;3.1;12.1;20.1;201.7
Сыр копченый «Белорусский» колбасный , 40%, 1 кг;23;19.1;260;/
Укроп «СидСад» Аллигатор, 70 г;3.5;1.1;7;47
Молоко «Моя Славита» ультрапастеризованное, 2.5%;2.8;2.5;4.7;53
Рассольный продукт «Сиртаки» Сербская брынза, 55%, 500 г;7.2;22;2;235
Сыр мягкий «President» брынза, 45%, 250 г;12;16.7;3.7;213
Сыр плавленый «President» сливочный, 45%, 50 г;7.8;17;5;204
Молочный пудинг «Ehrmann» Эрмигурт, карамельный, 3%, 100 г;2.6;3;16.8;112
Молочный пудинг «Ehrmann» Эрмигурт, шоколадный 3.2%, 100 г;2.8;3.2;18;112
Йогуртный продукт «Ehrmann» Аlpenland, фруктовый, 0.3%, 95 г;2.5;0.3;17;80
Йогуртный продукт «Ehrmann» Аlpenland, фруктовый, 0.3%, 95 г;2.4;0.3;17;80
Йогуртный продукт «Ehrmann» Аlpenland, фруктовый, 0.3%, 95 г;2.5;0.3;17;80
Йогуртный продукт «Ehrmann» Аlpenland, клубника, персик-маракуйя, 0.3%, 95 г;2.5;0.3;17;80
Сливочный десерт «Беллакт» Panna Cotta, ванилин, 10%, 150 г;1.9;10;15.2;158
Сливочный десерт «Беллакт» Panna Cotta, какао, 10%, 150 г;2;10;15.3;159
Мороженое «Каприз» пломбир ванильный, 95 г;4.5;12;38;280
Мороженое «Юкки» птичье молоко с какао, 65 г;3.5;22;27;320
Молоко «Славянские традиции» стерилизованное, 2.5%;3.1;2.5;4.7;55
Молоко «Славянские традиции» стерилизованное, 1.5%;3.1;1.5;4.7;45
Мороженое «28 копеек» Пломбир классический, эскимо, 70 г;3.5;23.9;19.6;307
Мороженое «20 копеек» пломбир классический, 70 г;4.3;14.2;23.8;241
Молоко детское «Депи» стерилизованное, 3.2 %;2.8;3.2;4.7;60
Сыр полутвердый «Брест-Литовск» Классический, 45%, 150 г;26.3;26.1;340.1;/
Сырок творожный глазированный «Тимоша» с ванилином, 23%, 45 г;8.2;26.2;32.3;397.7
Кефир «Депи» 3.2%, 250 г;3;3.2;4;230-240
Сыр полутвердый «Брест-Литовск» Легкий, 35%, 150 г;31.2;18.2;288.6;/
Молоко «Сафiйка» ультрапастеризованное, 3.2%;2.8;3.2;4.7;59
Мороженое «20 копеек» пломбир классический, 225 г;4;15;19;230
Фруктовый лед «УП Минский хладокомбинат №2» плодово-ягодный, 100 г;0.1;0;26.3;105.6
Крем сливочный «Петмол» ультрапастеризованный 33%, 500 мл;1.9;33;2.8;316
Крем сливочный «Петмол» ультрапастеризованный 33%, 1 л;1.9;33;2.8;316
Сыр копченый «Чечил особый» косичка, 45%, 1 кг;18;24.8;315;/
Сыр копченый «Чечил особый» 45%, 1 кг;19;27;299;/
Молоко «Сафiйка» ультрапастеризованное, 2.5%;2.8;2.5;4.7;53
"Сы ""Голландский брусковый"" 45%, 1 кг";26.3;25.2;332;/
Творог «Славянские традиции» классический, 5%, 375 г;17.2;5;1.8;120
Мороженое «Топ» шоколадное, с кусочками шоколада, 70 г;4.5;9;26;910
Сливки питьевые «Петмол» ультрапастеризованные 22%, 500 мл;2.3;22;4;223
Лук репчатый красный;1.4;0.2;15.9;62
Творожный десерт «Савушкин» мак-изюм-бисквит, 3.5%, 120 г;7;3.5;13;111.5
Творожный десерт «Савушкин» черника, 3.5%, 120 г;6;3.5;13;107.5
Творожный десерт «Савушкин» чизкейк, 3.5%, 120 г;6;3.5;13;107.5
Творожный десерт «Савушкин» кокос-миндаль, 3.5%, 120 г;7;3.5;13;111.5
Творожный десерт «Савушкин» вишня, 3.5%, 125 г;6;3.5;13;107.5
Молоко «Брест-Литовск» ультрапастеризованное, 2.8%;3;2.8;4.7;56
Молоко «Молочный гостинец» ультрапастеризованное, 3.2%;3.1;3.2;4.7;60
Вареное сгущенное молоко «Глубокое» Лакомка, с сахаром, 8.5%, 380 г;6.4;8.5;54.5;320
Сливки «Parmalat» ультрапастеризованные, 35%, 500 г;2.1;35;3.2;336
Простокваша «Брест-Литовск» 2.5 %, 380 г;2.8;2.5;4.6;52.1
Сгущенное молоко «Глубокое» с сахаром и цикорием, 7%, 380 г;8.4;7;53.6;330
Концентрированное молоко «Глубокое» стерилизованное 8.6%;7.9;8.6;9.6;150
Ряженка «Брест-Литовск» 2.5%, 380 г;3;2.5;4.2;51.3
Сыр плавленный «Ясь Белоус» Классический, копченый, 40%, 1 кг;20;17.2;234.8;/
Томат розовый;1;0.1;3.8;14
Яйца куриные «Кобринская птицефабрика» С2, 10 шт;12.8;11.8;1;157
Яйца куриные «Оршанская Птицефабрика» Столовые, С1;13;11.5;1;159.5
Сгущенные сливки «Рогачевъ» с сахаром, 19%, 360 г;6.2;19;47;384
Творожный десерт «Агуша» творог с наполнителем яблоко-банан, 3.9 %, 100 г;7.5;3.9;10.2;106
Сыр мягкий «Galbani» Mozzarella, макси, 45%, 250 г;16.5;17;3;231
Сливки «Parmalat» ультрапастеризованные, 11%, 200 г;2.6;11;4;523
Сырок творожный глазированный «А.Ростагрокомплекс» ваниль, 26%, 50 г;8.5;28;33;290
Сырок творожный глазированный «А.Ростагрокомплекс» ваниль, 26%, 50 г;8.5;29;29;410
Творог «Савушкин» классический, 1%, 300 г;18;1;1.3;79
Творожный десерт «А.Ростагрокомплекс» Особая, с изюмом, 23%, 100 г;7.9;20.7;30.2;339
Сырок творожный «Молочная страна» Любимый, изюм, аромат ванилина, 8.5%, 100 г;13.6;8;15;190
Шампиньоны «Грибная Страна» культивируемые, 1 кг;4.3;1;0.1;27
Молочный коктейль «Чудо» с шоколадом, 2%, 960 мл;3;2;11.9;78
Сыр мягкий «Galbani» Mozzarella, шарики, 45%, 150 г;16.5;17;2;231
Сыр мягкий «Galbani» Mozzarella, 45%, 125 г;18;19;2;251
Сгущенные сливки «Глубокое» с сахаром, 19%, 360 г;6.5;19;47;385.2
Творожный десерт «Молочный Гостинец» взбитый, вишня, 7%, 125 г;7.1;7;12.9;143
Виноград «Ред глоб»;1.2;0.2;18.1;69
Сыр копченый «Чечил» 45%, 100 г;20;22;280;/
Лук репчатый белый;1.1;9;40;/
Сгущенное молоко «Глубокое» с сахаром, 8.5%, 380 г;7.2;8.5;56;330
Шампиньоны «Грибная Страна» Королевские, культивируемые, 1 кг;4.3;1;0.1;27
Молочный коктейль «Parmalat» Чоколатта, 1.9%, 250 мл;3.2;1.9;11.8;80
Йогуртный продукт «Нежный» с соком персика, 1.2%, 320 г;2.5;1.2;18.1;94
Йогуртный продукт «Fruttis» клубника, 5%, 290 г;2.2;5;16;120
Творожный десерт «Чудо» творожок взбитый, персик-маракуйя, 4.2%, 100 г;4.5;4.2;16.5;122
Творожный десерт «Чудо» творожок взбитый, вишня-черешня, 4%, 100 г;4.5;4;19.8;133
Творожный десерт «Чудо» творожок взбитый, вишня, 4.2%, 100 г;4.5;4.2;17.2;125
Творожный десерт «Чудо» творожок взбитый, клубника-земляника, 4%, 100 г;4.5;4;18.3;127
Творожный десерт «Чудо» творожок взбитый, персик-груша, 4.2%, 100 г;4.5;4.2;18.1;128
Напиток кисломолочный «Молочный мир» ДарАйран, 1.5%, 500 г;1.4;1.5;2.4;29
Набор зелени «СидСад» Традиционный, 100 г;2.3;0.6;5.1;30.6
Творог «Савушкин» 101 зерно + сливки, зерненый, малина, 5%, 130 г;10.6;5;56;224
Творог «Савушкин» 101 зерно + сливки, зерненый, черника, 5%, 130 г;10.6;5;2.8;98.6
Творог «Савушкин» 101 зерно, сливки, зерненый, клубника, 5%, 125 г;10.6;5;2.8;224
Творог «Савушкин» 101 зерно + сливки, зерненый, 5%, 350 г;10.6;5;2.8;98.6
Йогурт питьевой «Оптималь» клубника, малина, 2%, 415 г;2.9;2;12.3;78.8
Йогурт питьевой «Оптималь» чернослив и злаки, 2%, 415 г;2.9;2;12.3;78.8
Йогуртный продукт «Fruttis» клубника-земляника, 2.5%, 165+15 г;2.5;2.5;15.7;96
Творог «Савушкин» 101 зерно + сливки, зерненый, 5%,130 г;10.6;5;2.8;98.6
Сыр мягкий «Беловежские сыры» Белая Фета, 40%, 250 г;13.6;12;5.5;184.4
Творожный десерт «Молочный Гостинец» взбитый, малина-гаранат, 7%, 125 г;7.1;7;12.9;143
Сыр «Савушкин» Брест-Литовск классический, 45%, 1 кг;26.3;26.1;340.1;/
Йогурт «Беллакт» клубника 2.6 %, 400 г.;2.6;3.1;12.7;86.6
Манго;0.9;0.1;3;31
Сырок творожный глазированный «А.Ростагрокомплекс» картошка, 20%, 50 г;8.1;23.8;41.6;413
Биокефир «Здравушка» 1 %, 930 мл;2.8;1;4;36
Кефир «Здравушка» 3.2%, 930 мл;2.8;3.2;4;56
Йогуртный напиток «Ehrmann» Эрмигурт, клубника-банан 1.2%, 290 г;2.5;1.2;13.5;75
Йогуртный напиток «Ehrmann» Эрмигурт, лесные ягоды 1.2%, 290 г;2.5;1.2;13.5;75
Йогуртный напиток «Ehrmann» Эрмигурт, персик-маракуйя 1.2%, 290 г;2.2;1.2;13;70
Йогуртный напиток «Ehrmann» Эрмигурт, клубника-киви 1.2%, 290 г;2.2;1.2;13;70
Сыр плавленый «President» ассорти, 45%, 140 г;9;17.5;5;214
Грибное ассорти «Лесные угодья» сушеные, с белыми грибами, 45 г;27;6;31;270
Подосиновики «Лесные угодья» сушеные отборные, 50 г;35;5.5;13;240
Молоко «Здравушка» Отборное, пастеризованное, 3.4%-6%;2.8;4.7;61;84
Мороженое «Юкки» Моя Аленка, сливочное, 65 г;3;18;26;280
Сыр плавленый «Сырный двор» Оршанский плюс, 45%, 80 г;13;22;7;275
Бифидопродукт «Бифидин-Крепыш» малина, 3.2%, 200 г;3.1;3.2;8.7;76
Молоко «Савушкин» ультрапастеризованное, 1.5%;3;1.5;4.7;43.5
Молоко «Савушкин» ультрапастеризованное, 3.1%;3;3.1;4.7;57.9
Мороженое «УП Минский хладокомбинат №2» Каштан, 80 г;3.1;23.9;20.1;307.9
Масло сладкосливочное «Брест-Литовск» несоленое, 82.5%, 180г;0.5;82.5;0.8;747.7
Гранат;0.9;0.1;3;31
Бифидопродукт  «Бифидин-Кроха» со вкусом груши, 3.2%, 200 г;3.1;3.2;8.7;76
Сыр полутвердый «Витебск Молоко» Пошехонский, 45%, 1 кг;25.9;25.2;330;/
Сыр мягкий «Bonfesto» Mozzarella, 45%, 250 г;15.1;17.6;218.8;/
Молочный коктейль «Молочный гостинец» Сладкая жизнь, банан, 2.5%, 210 мл;2.8;2.5;9.7;73
Молочный коктейль «Молочный гостинец» Сладкая жизнь, клубника, 2.5%, 210 мл;2.8;2.5;9.7;73
Молочный коктейль «Молочный гостинец» Сладкая жизнь, ваниль, 2.5%, 210 мл;2.8;2.5;9.7;73
Персик «Парагвай» крупный, 1 кг;0.9;0.2;10.4;44
Мороженое «УП Минский хладокомбинат №2» Эврика, с изюмом, 80 г;3.9;13.2;27.2;243.2
Сыр мягкий «Аристей» Фету, со вкусом оливок, 45%, 250 г;12.4;17.1;200;/
Йогурт «Савушкин» киви и крыжовник, 2%, 120 г;2.9;2;16.2;94.4
Шампиньоны «Грибная Страна» культивируемые, 400 г;4.3;1;0.1;27
Сыр мягкий «Bonfesto» Рикотта, 40 %, 250 г;11.3;10;2.5;145.2
Мороженое «УП Минский хладокомбинат №2» пломбир шоколадный, 80 г;3.2;15;18.5;221.8
Сыр мягкий «Bonfesto» Mozzarella, мини 12 шариков, 45%, 250 г;15.1;17.6;218.8;/
Творог зерненый «Савушкин» Ласковое лето, легкий, лесная ягода, 3%, 130 г;10;3;2.2;75.8
Творог «Савушкин» Легкий, зерненый, вишня, 3%, 130 г;10;3;2.2;96.2
Молоко «Молочный гостинец» ультрапастеризованное, 1.5%;2.8;1.5;4.7;44
Сгущенное молоко «Глубокое» с сахаром 8.5%, 380 г;7.2;8.5;56;330
Сыр мягкий «Bonfesto» Mascarpone, 78 %, 250 г;4.1;40;2.9;388
Сыр плавленый «Ласковое лето» сливочный, 45%, 170 г;12.2;15.6;5.3;210.4
Сыр плавленый «Ласковое лето» ветчина, 45%, 170 г;12.3;15.6;5;209.6
Молоко «Молочный гостинец» ультрапастеризованное, 2.5%;2.8;2.5;4.7;55
Сыр мягкий «Новогрудские дары» Адыгейский классический, 45%, 1 кг;16.5;18;0;228
Сыр мягкий «Bonfesto» Mascarpone, 78 %, 500 г;4.1;40;2.9;388
Коктейль молочный пастеризованный с ароматом «Клубника» 450 г;2.8;1.5;10;62.5
Масло сладкосливочное «Молочное раздолье» несоленое, 75%, 180 г;0.8;75;1.3;670
Мороженое «20 копеек» пломбир шоколадный, 225 г;3.5;15;20;230
Напиток «Свежесть» апельсин, 415 г;0.4;10.9;45.2;/
Напиток «Свежесть» сыворотка с соком тропических фруктов, 415 г;0.4;10.9;45.2;/
Йогурт «Савушкин» Апети, пломбир и хрустящие шарики, 5%, 105 г;2.9;5;14;112.6
Мороженое «УП Минский хладокомбинат №2» Столичное, крем-брюле, 80 г;3.1;15;20.1;310
Сыр мягкий «Аристей» Брынза, 45%, 250 г;13.2;17.1;210;/
Мороженое «Гоша» клубника, банан и киви, 65 г;2.3;5.1;22.2;144
Творог «Молочная страна» Домашний, зерненый, 4%, 400 г;13.5;4;1.7;95
Мороженое «ТОП» крем-брюле с карамелью, 250 г;3;12;26;220
Йогуртный продукт «Fruttis» вишневый пломбир/груша-ваниль, 8.0%, 115 г;2.1;8;16;140
Сыр плавленый «Ласковое лето» курица гриль, 45%, 170 г;15.7;19.3;3.8;251.8
Молоко питьевое «Милкавита» ультрапастеризованное, 2.5 %;2.82;2.5;4.7;52
Сыр полутвердый «Bonfesto» Моцарелла, 40%, 1 кг;26.3;21.3;297;/
Творог «Молочная страна» Домашний, зерненый, 4%, 500 г;13.5;4;1.7;95
Сырок творожный глазированный «Бабушкина крынка» ваниль, 23%, 45 г;7.8;25.7;32.1;390
Сырок творожный глазированный «Бабушкина крынка» сгущенка, 23%, 45 г;7.7;25.8;32.1;390
Маргарин «Золотая капля» Сливочный, 82%, 230 г;0.1;82;1;740
Масло сливочное «Сафийка» Полоцкое, несоленое, 70%, 180 г;1;70;1.5;640
Молоко «Milkavita» Premium, ультрапастеризованное, 1.5 %;2.8;1.5;4.7;44
Молоко «Milkavita» Premium, ультрапастеризованное, 3.2 %;2.8;3.2;4.7;59
Молоко «Милкавита» 3.6%;3;3.6;4.7;63.2
Сырок творожный глазированный «Бабушкина крынка» кокос-ваниль, 23%, 45 г;6.1;29.1;32.3;420
Творог «Савушкин» классический, 9%, 300 г;16;9;1.5;147
Шампиньоны  замороженные «Gusto» резаные, 400 г;4.1;0.3;0.6;20
Кисломолочный напиток «Имунеле» малина, 100 г;2.6;1.5;11.8;71
Йогуртный продукт «Fruttis» Суперэкстра, банана-сплит/пина колада, 8%, 115 г;2.1;8;16.4;146
Сыр твердый «Поставы городок» Голландский премиум, 45%, 150 г;24.8;25.2;326;/
Творожный десерт «Беллакт» масса с ароматом ванили, 23%, 180 г;8;23;27.1;347
Творожный десерт «Беллакт» масса с изюмом, 23%, 180 г;20.8;8;24.4;317
Сыр копченый «Мерецкие» Джил, полутвердый, 50%, 100 г;23;30;362;/
Творог «Беллакт» 6%, 100 г;5;11;1.5;95
Творожный десерт «Беллакт» крем с ванилином, 5%, 200 г;10.2;5;18.7;161
Творожный десерт «Беллакт» пирожное с печеньем и какао, 24%, 75 г;7;24;41.9;411.6
Молочная каша«Беллакт» Полезный завтрак, овсяная, 150 г;3.5;3;12.5;91
Сметана «Сафийка» 26%, 400 г;2.5;26;2.9;256
Сыр плавленый «President» c грибами, 45%, 140 г;9;17.5;3.5;208
Творог «Бабушкина крынка» классический, 10%, 200 г;14.3;10;1.5;153.2
Молочная каша«Беллакт» рисовая 3%, 150 г;3.3;3;13.9;95
Сыр полутвердый «Home Cheese» Моцарелла Gold, 40%, 1 кг;18;18.4;237.6;/
Сыр полутвердый «Чеддер Белорусский» сычужный, 40%, 1 кг;24;21;292;/
Мороженое «Юкки» Коровка, крем-брюле, 65 г;3;21;24;300
Фруктовый лед «УП Минский хладокомбинат №2» Летний, в глазури, 100 г;0.5;12;23.7;200
Фруктовый лед «УП Минский хладокомбинат №2» Пингвин, в глазури, 100 г;0.6;12;22.3;200
Молочный коктель «Parmalat» с кофе и какао, капучино, 1.5%, 250 мл;3.2;1.9;11.8;80
Мороженое «УП Минский хладокомбинат №2» Семейное, 230 г;3.7;15;19.8;230
Сырок творожный глазированный «А.Ростагрокомплекс» вареная сгушенка, 26%, 50 г;8.5;27;35;420
Сыр плавленый «President» сливочный, 45%, 140 г;9;17.5;6;218
Сыр полутвердый «Слуцкий сыродельный комбинат» Тильзитский, 45%, 1 кг;24.8;24.7;322;/
Творог «Растишка» со вкусом клубники и банана, пломбира 3,5%, 270 г;6;3.5;11.7;102
Мороженое «Frudoza» киви и крыжовник, 65 г;1.6;6.7;25.6;169
Йогурт питьевой «Оптималь» киви-злаки 2%, 415 г;2.9;2;12.3;78.8
Масло сладкосливочное «Брест-Литовск» несоленое, 72.5%, 180г;1.3;72.5;0.8;660,9
Мороженое «УП Минский хладокомбинат №2» пломбир ванильный с изюмом, 90 г;4.1;14.5;22.8;240
Мороженое «УП Минский хладокомбинат №2» Семейное с изюмом, 230 г;3.1;13.8;23.6;230
Мороженое «Пломбир» крем-брюле 90 г;4.1;14.4;23.6;240
Мороженое «20 копеек» пломбир классический, 500 г;4;15;19;230
Творожный десерт «Минская марка» клубника, 5%, 400 г;9.1;5;13.8;140
Сливки «Минская марка» пастеризованные, 10%, 500 г;2.8;10;4;120
Йогуртный продукт «Нежный» с соком вишни, 1.2%, 100 г;2.5;1.2;18.1;94
Йогуртный продукт «Нежный» c соком клубники, 1.2%, 100 г;2.5;1.2;18.1;94
Продукт йогуртный «Нежный» с соком персика 1.2 %, 100 г;2.5;1.2;16;85
Черника быстрозамороженная «Мока» 400 г;6;25;/;100
Мороженое «Soletto» сладкая малина, 75 г;3;10;34;240
Сливки «Milkavita» ультрапастеризованные, 10%, 500 г;2.6;10;4.3;120
Сливки «Milkavita» ультрапастеризованные, 20%, 500 г;2.5;20;3.8;210
Апельсин;0.9;0.1;3;31
Мороженое «УП Минский хладокомбинат №2» Семейное крем-брюле, 230 г;3.5;8;19.9;170
Сливки «Milkavita» ультрапастерилизованные, 33%, 1 л;2.2;33;3.2;320
Йогурт «СуперКид» банан-яблоко 2%, 120 г;2.9;2;13.1;80
Йогурт «СуперКид» клубника-ваниль 2%, 120 г;2.9;2;15.2;90.4
Творожный десерт «СуперКид» банан-яблоко, 3.5%, 110 г;6;3.5;13;107.5
Творожный десерт «СуперКид» земляника, 3.5%, 110 г;6;3.5;13;107.5
Сливки «Беллакт» стерилизованные, 10%, 200 г;2.8;10;4;117
Сливки «Беллакт» стерилизованные, 20%, 200 г;2.5;20;3.7;205
Творожный десерт «Беллакт» торт с изюмом с ореховой начинкой, 24%, 200 г;6;17.6;41.4;348
Творожный десерт «Беллакт» торт с маковой начинкой, 24%, 200 г;6.6;20.4;36.9;357,6
Молоко «Бабушкина крынка» ультрапастеризованное, 1.5%;3;1.5;4.7;45
Молоко «Бабушкина крынка» ультрапастеризованное, 2.5%;3;2.5;4.7;55
Молоко «Свежие новости» ультрапастеризованное, 2.8%;2.8;2.8;4.7;55
Молоко «Бабушкина крынка» ультрапастеризованное, 3.2%;3;3.2;4.7;60
Молоко «Свежие новости» ультрапастеризованное, 3.5%;2.8;3.5;4.7;62
Творог «Клецкая крыначка» классический, 9%, 400 г;15;9;1.5;147
Кефир «Бабушкина крынка» 3.2%, 900 мл;3.1;3.2;4;55
Кефир «Свежие новости» 3.6 %,  900 мл;3.1;3.6;4;60
Йогурт «Даниссимо» с хрустящими шариками с ягодным вкусом 6,9%, 105 г;3.1;6.9;12.3;124
Молочный коктейль «Чудо» с шоколадом, 3%, 200 мл;2.8;3;15.9;102
Молоко «Бабушкина крынка» стерилизованное, 3.2%;2.8;3.2;4.7;59
Йогуртный продукт «Нежный» ягодное мороженое, 1.2%, 100 г;2.5;1.2;18;95
Творог «Савушкин» классический, 5%, 300 г;16.5;5;1.5;113
Сыр «Пармезан гранд» 45%, 150 г;23.5;25.7;325;/
Творог «Растишка» с клубникой и абрикосом 3,5%, 270 г;6;3.5;11.7;102
Творог «Растишка» с лесными ягодами, персиком и грушей 3,5%, 270 г;6;3.5;11.7;102
Топленое молоко «Здравушка» 3.2%;3.1;3.2;4.7;60
Сгущенное молоко «Глубокое» с фруктозой 8.5%, 370 г;9;8.5;45;295
Йогуртный продукт «Нежный. Легкий» с соком клубники, 0.1%, 95 г;2.5;0.1;16;75
Йогуртный продукт «Нежный. Легкий» с соком лесных ягод, 0.1%, 95 г;2.5;0.1;16;75
Йогурт «Fruttis» вкусный перерыв, 2.5%, 175 г;2.4;16;95;/
Кефир «Беллакт» обогащённый бифидобактериями, 3.2 %, 207 мл;3;3.2;4;57
Йогуртный напиток «Нежный» с соком абрикоса и манго, 0.1%, 285 г;1.4;0.1;14;60
Йогуртный напиток «Нежный» с соком малины и земляники, 0.1%, 285 г;1.4;0.1;14;60
Йогуртный напиток «Нежный» с соком клубники, 0.1%, 285 г;1.4;0.1;14;60
Козье молоко «КФХ«ДАК» пастеризованное, 3%, 1 л;2.9;3;4.8;58
Желе «Милаком» со вкусом апельсина, 150 г;2.1;10.5;60;/
Желе «Милаком» со вкусом киви, 150 г;2.1;15.5;10.5;60
Желе «Милаком» со вкусом клубники, 150 г;2.1;15.5;60;/
Питьевой йогурт «Растишка» с земляникой 1,6%, 360 г;2.8;1.6;10.6;68
Сырок творожный глазированный «А.Ростагрокомплекс» суфле с ванилью, 15%, 40 г;4.5;20.9;42.7;376.9
Сырок творожный глазированный «А.Ростагрокомплекс» ваниль, 26%, 50 г;8;28;33;420
Йогурт греческий «Teos» 2%, 140 г;7;2;4.2;62.8
Йогурт греческий «Teos» вишня, 2%, 140 г;5.8;11.3;86,4;/364,7
Йогурт греческий «Teos» клубника, 2%, 140 г;5.8;2;11.3;86.4
Йогурт греческий «Teos» черника, 2%, 140 г;5.8;2;11.3;86.4
Творог «Бабушкина крынка» Деревенский, 5%, 220 г;15;5;1.5;111
Крем сливочный «Молочный гостинец» ультрапастеризованный, 33%, 1 кг;2.3;33;3.3;320
Творог «Савушкин» рассыпчатый, 9%, 350 г;15;9;1.5;147
Йогуртный напиток «Нежный» с соком персика, 0.1%, 285 г;1.4;0.1;14;60
Коктейль «Непоседа» банановый с молоком, 200 мл.;1.5;1.5;10;60
Коктель «Непоседа» клубнично-банановый  со сливками, 200 мл;1;4;9;75
Коктейль «Непоседа» яблочный с молоком, 200 мл;1;0.5;9;45
Молоко «Молочный гостинец» ультрапастеризованное, 3.2%;2.8;3.2;4.7;60
Ряженка «Савушкин» 3.2%, 950 г;2.8;3.2;4.1;56.4
Сыр полутвердый «Брест-Литовский» Сливочный, 50%, 150 г;22.5;29.5;355.5;/1474
Молоко «Молочный гостинец» ультрапастеризованное, 6%;2.6;6;4.7;85
Сливки «Молочный гостинец» стерилизованные, 20%, 200 г;2.5;20;3.7;200
Сыр плавленый «Hochland» чизбургер, 45%, 150 г;14.6;26.3;4.3;283
Творог «Свежие новости» Деревенский, 2%, 400 г;15;2;1.2;82.8
Творог «Бабушкина крынка» Деревенский, 5%, 400 г;15;5;1.5;111
Творог «Бабушкина крынка» Деревенский, 9%, 400 г;15;9;1.5;147
Мороженое «Советская классика» пломбир, ваниль, 70 г;3.5;12;27;230
Молоко «Молочный гостинец» ультрапастеризованное, 1,5%;3.1;1.5;4.7;45
Молоко «Молочный гостинец» ультрапастеризованное, 3.2%;3.1;3.2;4.7;60
Молоко «Молочный гостинец» ультрапастеризованное, 1.5%;3.1;1.5;4.7;45
Молоко «Молочный гостинец» ультрапастеризованное, 2.5%;2.8;2.5;4.7;50
Сырок творожный глазированный «Молочная страна» ваниль, 5%, 45 г;13.4;10;31.6;270
Кефир «Свежие новости» 2.5%, 900 г;2.8;2.5;4;50
Сливки «Поставы городок» пастеризованные, 32%, 500 мл;2.3;32;3.3;310
Сырок творожный глазированный «А.Ростагрокомплекс» ваниль, 5%, 50 г;10.6;11.3;36;288,1
Сырок творожный глазированный «А.Ростагрокомплекс» суфле с ванилью, 15%, 40 г;4.4;19.4;46.8;379.4
Сыр твердый «Эдам Люкс»  45%, 1 кг;23;25;320;/
Кефир «Беллакт» для детского питания, 3.2%, 207 г;3;3.2;4;56.8
Сыр мягкий с плесенью «Vitalat» Camembert, 45%, 125 г;17;18;230;/
Творог «Молочный мир» классический, 1%, 180 г;16.3;1;1.3;79
Сметана «Ляховичок» 20%, 350 г;2.5;20;2.9;201.6
Мороженое «20 копеек» пломбир классический с изюмом, 225 г;3.3;13.3;24.8;232
Сыр твердый «Новогрудские дары» Maasdam Elite, 45%, 1 кг;26;26;340;/
Молоко «Здравушка» пастеризованное, 2%;2.8;2;4.7;50
Персик «Парагвай» 1 кг;0.9;0.2;11.8;53
Простокваша «Славянские традиции» Мечниковская, 4%, 380 г;3.1;4;4;65
Творог «Славянские традиции» классический, 5%, 355 г;17.2;5;1.8;120
Мороженое «Каприз» шоколадный, 95 г;4.5;13.3;38.5;292
Молоко «Молочный гостинец» ультрапастеризованное, 3.2%;2.8;3.2;4.7;60
Творожный десерт «Беллакт» торт трюфель, 200 г;6.6;20.2;40.7;371
Сливки «Milkavita» ультрапастеризованные, 33%, 500 г;2.3;33;3.2;320
Яйца куриные «Молодецкие» Молодецкие, с селеном, ДО;12.7;11.5;0.7;157
Сметана «Минская марка» 15%, 400 г;2.6;15;2.9;160
Яйца перепелиные «Золотые» 20 шт;12.7;11.5;0.7;160
Йогуртный продукт «Нежный» с соком персика, 0.1%, 95 г;2.5;0.1;16;75
Капуста квашеная «Gusto» с тмином и морковью, 800 г;2.2;19;/;79.5
Капуста квашеная «Gusto» с клюквой и морковью, 800 г;2.2;19;/;79.5
Каша молочная «Агуша» Засыпай-ка, рисовая, яблоко/груша, 200 мл;2.7;2.7;10.2;77
Каша молочная «Агуша» Засыпай-ка, гречневая, 200 мл;2.6;2.5;8.4;67
Йогурт греческий «Teos» злаки с клетчаткой льна, 2%, 140 г;5.8;2;11.3;86,4
Йогурт греческий «Teos» 2%, 250 г;7;2;4.2;62.8
Ежевика, 125 г;0.6;0.5;42;39
Йогуртный продукт «Нежный» с соком абрикоса и манго, 1.2%, 320 г;2.5;2.5;17;100
Творог «Молочные горки» 5%, 180 г;15.5;5;1.5;113
Мороженое «УП Минский хладокомбинат №2» Каштан лайм, 80 г;4;24.3;22.4;320
Крем сливочный «Малочны гасцiнец» ультрапастеризованный 33%, 200 г;2.3;33;3.3;320
Сухое молоко «Беллакт» цельное, 26%, 400 г;23.8;26;38.7;492.8
Сыр козий «КФХ Дак» Лизаветинский, в пряно-масляной заливке, 192 г;24.5;25.3;326;/
Творог «Здравушка» 5%, 200 г;15.5;5;1.5;113
Каша молочная «Беллакт» гречневая, 207 г;2.7;2.6;8.3;67
Арбуз «Сахарный малыш» 1 кг;1.2;0.2;3.2;12
Каша молочная «Беллакт» рисовая, 207 г;2.6;2.6;10.8;77
Сыр козий «КФХ Дак» Лизаветинский, 46%, 1 кг;24.5;25.3;326;/
Мороженое «Морозпродукт» дыня-арбуз, 250 г;1.9;5.5;25.1;158
Вишня быстрозамороженная, без косточки, 1 кг;0.9;0.3;11.5;52
Сыр плавленый «Galbani» Моцарелла, 45%, 150 г;12;20;4;244
Йогурт «Савушкин» персик и манго, 2%, 350 г;2.9;2;14.5;87.6
Йогурт «Савушкин» лесная ягода 2%, 350 г;2.9;2;14.5;87.6
Козье молоко «КФХ«ДАК» пастеризованное, 3%, 500 мл;2.9;3;4.8;58
Сухое козье молоко «Беллакт» цельное, 300 г;19.3;3.6;28.2;424-559
Молоко «#Можно» безлактозное, стерилизованное, 3.2%;3;3.2;4.7;60
Мороженое «Гоша» сливочное, со вкусом Бабл Гам, 65 г;2.1;5.1;22.4;144
Йогурт «Савушкин» лесная ягода, 2%, 120 г;2.9;2;14.5;87.6
Йогурт «Савушкин» клубника, 2%, 120 г;2.9;2;14.5;87.6
Йогурт «Савушкин» персик-манго, 2%, 120 г;2.9;2;14.5;87.6
Йогурт «Савушкин» страчателла, 2%, 120 г;2.9;2;15;89.6
Мороженое «УП Минский хладокомбинат №2» пломбир с ароматом ванили, 80 г;3.5;15;19.7;227.8
Творог «Complimilk» 6%, 200г;15;6;1.5;120
Сырок творожный глазированный «Бабушкина крынка» какао-ваниль, 23%, 45 г;7.6;25.8;36.4;410
Сыр мягкий «Bonfesto» Рикотта, 40%, 500 г;8.4;10.3;3.5;140
Творог «Савушкин» рассыпчатый, 5%, 350 г;16.5;5;1.5;117
Мороженое «УП Минский хладокомбинат №2» Ваверачка, ваниль и арахис, 80 г;4.3;12.9;18.4;206.9
Творог «Cream Nuvo» 9%, 380 г;15;9;1.5;150
Йогурт «Растишка» с клубникой и глазированным драже 3,0%, 115 г;3.8;3;12.5;92
Сгущенное молоко «Рогачевъ» с сахаром и натуральным кофе, 7%, 380 г;8.4;7;53.6;310
Cгущенное молоко «Рогачёвъ» частично обезжиренное с сахаром, 2.5%, 380 г;9.1;2.5;56.8;290
Творог «Беллакт» зерненый, 5%, 180 г;11.1;5;2.2;98.2
Кефир «Молочный Мир» 3,5%, 0,5 кг;3.1;3.5;4;60
Сгущенное молоко «Глубокое» с сахаром, 5%, 385 г;8.4;5;56.7;310
Йогурт «Савушкин» двухслойный, манго, 2%, 120 г;3;2;16.2;94.8
Томат желтый «Слива» 1 кг;1;0.2;3;20
Сметана «Брест-Литовск» 15%, 180 г  ;2.7;15;2.9;157.4
Сметана «Брест-Литовск» 20%, 180 г  ;2.6;20;2.9;202
Сыр мягкий «Bonfesto» Рикотта, 50%, 500 г;9;11.5;2.5;149.5
Сыр мягкий «Bonfesto» Cream Cheese, 70%, 500 г;7.1;25.7;2.1;270
Йогурт питьевой из козьего молока «КФК Дак» 3%, 500 г;2.9;3;5.1;58
Грейпфрут;0.7;0.8;14.6;72
Мороженое «Юкки» пломбир классический на сливках, 75 г;3;15;20;230
Мороженое «Юкки» пломбир шоколадный на сливках, 75 г;4;12;25;220
Молоко «Славянские традиции» ультрапастеризованное, 1.5%;3.1;1.5;4.7;45
Молоко «Славянские традиции» ультрапастеризованное, 2.5%;3.1;2.5;4.7;55
Молоко «Славянские традиции» ультрапастеризованное, 3.2%;3.1;3.2;4.7;60
Творог «Беллакт» зерненый, обогащенный инулином, 5%, 380 г;11.1;5;2.2;98.2
Мороженое «Soletto» гранат и лимон, 75 г;3;10;35;240
Мороженое «УП Минский хладокомбинат №2» пломбир с ароматом ванили, 90 г;4;14.4;22.7;236.4
Сыр копченый «Сырная тарелка» чечил, палочки, 30%, 100 г;32;15;0;263
Мороженое «Нежная королева» Лакомство, пломбир с ароматом ванили, 12%, 1 кг;3.5;12;21.4;210
Творог «Савушкин» классический, 15%, 300 г;14.1;15;1.7;198.2
Кефир «Славянские традиции» 2,5%, 900 г;3.1;2.5;4;50
Шампиньоны «Грибная Страна» культивируемые, 600 г;4.3;1;0.1;27
Мороженое «Юкки» пломбир на сливках, с ароматом ванили, 220 г;3;15;20;230
Сыр мягкий «Бабушкина крынка» Адыгейский, 45%, 1 кг;16.5;18;230;/
Сметана «Остромечевские просторы» 20%, 400 г;2.5;20;2.9;201.6
Ряженка «Рогачевъ» 4%, 500 г;2.8;4;4.1;64
Сыр «President» Бри, 60%, 200 г ;17;32;0.5;360
Капуста цветная, 1 кг;0.7;0.1;2.7;13
Сыр плавленый «President» Чеддер, 40%, 150 г;12.5;17;6;277
Сыр плавленый «President» Чизбургер, 40%, 150 г;12.5;17;6;277
Сыр плавленый «Ласковое лето» сливочный, 45%, 350 г;12.2;15.6;5.3;210.4
Сыр плавленый «Ласковое лето» со вкусом и ароматом ветчины, 45%, 350 г;12.2;15.6;5;209.6
Масло сладкосливочное «Бабушкина крынка» несоленое, 82.5%, 180 г;0.65;82.5;0.8;750
Сливки «Бабушкина крынка» пастерилизованные 10%, 430 мл.;2.8;10;4;117.2
Кефир «Славянские традиции» 3,2%, 900 г;3.1;3.2;4;55
Вареное сгущенное молоко «Рогачевъ» Егорка, с сахаром, 8.5%, 360 г;7.7;8.5;54.5;330
Каша молочная «Агуша» Засыпай-ка, злаковая, груша/банан, 2.7%, 200 мл;2.8;2.7;10.1;77
Молоко детское «Рогачевъ» стерилизованное, 3.2%;3.2;3.2;4.7;60
Продукт кисломолочный «Биолакт» 3.2%, 210 г;2.9;3.2;7.8;71,6
Желе сметанное «Венский завтрак» с ванилином, 15%, 140 г;2.1;15;20.2;220
Желе сметанное «Венский завтрак» с клубникой, 15%, 140 г;2.1;15;20.2;220
Желе сметанное «Венский завтрак» шоколадное, 12%, 140 г;2.8;12;21.5;210
Кефир «Здравушка» 2.5 %, 930 г;3.1;2.5;4;50
Молочный коктейль «Вундер кини» ваниль, 2.5%, 210 г;2.9;2.5;9.5;72.1
Молочный коктейль «Вундер кини» клубника, 2.5%, 210 г;2.9;2.5;9.5;72.1
Молочный коктейль «Вундер кини» шоколадная сказка, 2.5%, 210 г;3.2;2.5;14.7;94.1
Йогурт «Растишка» с клубникой 2,6%, 70 г;3.6;2.6;12;86
Чеснок соленый «Leor» 150 г;4.5;0.3;21;100
Молоко питьевое «Belorus Export» стерилизованное, 3.2 %;3.1;3.2;4.7;60
Сгущенное молоко «Рогачевъ» частично обезжиренное, 2.5%, 360 г;9;2.5;54.5;280
Творожный десерт «Чудо» творожок взбитый, малина-ежевика, 4.2%, 100 г;4.5;4.2;17.4;125
Сыр козий «КФХ Дак» Лизаветинский, 46, 210 г;24.5;25.3;326;/
Сыр с плесенью «President» Snack a la Franc, 60%, 170 г;15;32;0.5;360
Йогурт «Савушкин» Апети, пломбир, рисовые шарики ягодные, 5%, 105 г;2.9;5;14;112.6
Сыр копченый «Джил» плавленый, 40%, 100 г;19;22;3;290
Сыр полутвердый «Брест-Литовск» Легкий, 35%, 200 г;31.2;18.2;288.6;/
Сыр полутвердый «Брест-Литовск» Классический, 45%, 200 г;26.3;26.1;340.1;/
Сыр полутвердый «Брест-Литовск» Сливочный, 50%, 200 г;22.5;29.5;355.5;/
Сыр копченый «Брест-Литовск» плавленый, 40%, 150 г;18.8;18.3;2.2;248.7
Йогурт «Беллакт» детский, малина и земляника, 3%, 100 г;2.7;3;12;85.8
Капуста квашеная «Брамбо» с морковью, 450 г;2;0.1;5;30
Молочный пудинг «Ehrmann» Grand Dessert, шоколад со сливочным муссом, 5.2%, 200 г;2.7;5.2;17.6;130
Йогурт греческий «Eco Greco» 2%, 230 г;8.5;2;3.3;65
Масло сладкосливочное «Минская марка» Крестьянское, несоленое, 72.5%, 180 г;0.8;72.5;1.3;661
Масло сладкосливочное «Минская марка» несоленое, 82.5%, 180 г;0.5;82.5;0.8;750
Йогурт «СуперКид» клубника-конфеты, 103 г;3.3;2;12;79.2
Йогурт «СуперКид» ваниль-конфеты, 2%, 103 г;3.3;2;12;79.2
Редис красный;1.2;0.1;3.4;16
Йогурт греческий «Teos» злаки с клетчаткой льна, 2%, 250 г;7;2;11.3;91.2
Йогурт греческий «Teos» с черникой, 2.0%, 250 г;7;2;11.3;91.2
Молоко «Твоя кружка» ультрапастеризованное, 3.9%;3;3.9;4.7;65
Сыр «Пармезан» 6 месяцев созревания, 40%, 180 г;29;23;320;/
Мороженое «Магнат» миндаль, 73 г;4.1;20.1;29.6;322
Каша молочная «Агуша» Вставай-ка, овсяная с малиной, 2.5%, 200 мл;2.7;2.5;9.2;71
Напиток овсяный «Ne moloko» классический, 3.2%, 1 л;0.2;1.5;12;60
Напиток овсяный «Ne moloko» классический, лайт, 1.5%, 1 л;1;1.5;6.5;45
Напиток овсяный «Ne moloko» шоколадный, 1 л;1;3.2;9.5;70
Творог «Савушкин» мягкий, 5%, 200 г;8.5;5;1.6;85.4
Мороженое «Soletto» Cioccolato Mandorla, миндаль, 12%, 75 г;5;23;29;340
Сметана «Complimilk» 20%, 380 г;2.5;20;2.9;201.6
Молоко «Рогачевъ» Вкусное, пастеризованное, 1.5%;3.2;3.2;4.7;60
Мороженое «20 копеек» пломбир с ванилином, 80 г;4.2;22.2;236;/
Малина, 125 г;0.8;0.5;8.3;43.8
Сыр плавленый «Карат» сливочный, 45%, 200 г;6.3;16.2;9.7;210
Сыр плавленый «President» Чеддер, 45%, 140 г;7.2;17;3.5;196
Молоко «Молочный мир» ультрапастерилизованное, 1.5%;3.2;1.5;4.7;45
Йогуртный продукт «Нежный» легкий с бананом и клубникой, 0.1%, 95 г;2.5;0.1;16;75
Молоко детское «Бабушкина крынка» Витаминка, стерилизованное, 3.2%;2.8;3.2;4.7;60
Сыр плавленый «Ласковое лето» Янтарь, пастообразный, 60%, 170 г;10.8;28.8;2.9;314
Сыр плавленый «Ласковое лето» Дружба, пастообразный, 170 г;11.9;26.2;4.2;300.2
Мороженое «Юкки Трио» ваниль, шоколад, клубника, 65 г;3.5;9.5;21;180
Напиток кисломолочный «Имунеле» клубничное мороженое, 1.5%, 100 г;2.5;1.5;12.1;72
Молоко «Молочный гостинец» ультрапастеризованное, 3.2%;3.1;3.2;4.7;60
Сыр твердый «Поставы городок» Голландский премиум, 45%, 180 г;24.8;25.2;326;/
Творог «Бабушкина крынка» Деревенский, 7%, 200 г;15;7;1.5;130
Творог «Бабушкина крынка» Деревенский, 5%, 200 г;15;5;1.5;110
Сыр мягкий «CooKing» Кремчиз, 70%, 2250 г;7.3;27.9;2.1;290
Сыр полутвердый «Брест-Литовск» Сливочный, 50%, 500 г;22.5;29.5;355.5;/
Сыр полутвердый «Брест-Литовск» Классический, 45%, 500 г;26.3;26.1;340,1;/
Сливки «Milkavita» ультрапастеризованные, 33%, 1000 г;2.3;33;2.3;320
Сыр с плесенью «President» Petit Brie, 60%, 125 г;17;32;1470;/
Молоко «Здравушка» пастеризованное, 3.2%;3.1;3.2;4.7;60
Яйца куриные «Молодецкие» обогащенные селеном, Д1, 10 шт;12.7;11.5;0.7;157
Персик, 500 г;0.9;0.2;10.8;53
Молоко детское «Беллакт» стерилизованное, 3.2%;3;3.2;4.7;60
Творог «Cream Nuvo» 5%, 380 г;15;5;1.5;111
Сыр творожный «Cream Nuvo» Professional, 65%, 380 г;7.3;26;3.1;275.6
Мороженое «УП Минский хладокомбинат №2» пломбир крем-брюле, 80 г;3.5;15;19.7;227.8
Продукт кисломолочный «Беллакт» 3.2%, 210 г;3;3.2;4;56.8
Бифитат, 2.5%, 500 г;3.1;2.5;4.7;55
Сыр творожный «SVEZA» прованские травы, 60%, 150 г;7.8;30;1.2;306
Сыр творожный «SVEZA» сливочный, 60%, 150 г;11;19.2;1.6;223.2
Йогурт греческий «Teos» 5%, 250 г;7;5;4.3;90.2
Сыр полутвердый «Сливочный Легкий» 30%, нарезка, 150 г;28;16;260;/
Сыр полутвёрдый «Брест-Литовск» российский, 50%, 150 г;21;28.5;340.5;/
Сыр полутвердый «Брест-Литовск» Финский, 45%, 150 г;23;24;308;/
Сыр полутвердый «Брест-Литовск» Голландский, 45%, 150 г;26.3;25.2;332;/
Сыр плавленый «Ласковое лето» Дружба, 55%, 90 г;16.4;26.4;300;/
Сыр плавленный колбасный «Ласковое лето» Минчанка, копченый, 40%, 1 кг;23;19.2;265;/
Мороженое «ТОП» соленая карамель и арахис, 250 г;4;9;24;190
Яйца куриные «Солигорская птицефабрика» Чистые, С1;12.7;11.5;0.7;157
Сыр «Пармезан Делюкс» 45%, 250 г;27;29.3;372;/
Сыр «Пармезан Делюкс» 45%, 250 г;27;29.3;372;/
Сыр плавленый «Hochland» ассорти, 45%, 150 г;14;23;3.8;279
Сырок творожный «Беллакт» сладкий, с ароматом ванили 7%, 100 г;14.5;7;19.2;197.8
Йогурт «Савушкин» страчателла, 2%, 350 г;2.9;2;158;89.6
Молочный коктейль «Чудо» клубника, 2%, 200 мл;2.8;2;9.4;67
Клубника быстрозамороженная, 1 кг;0.8;0.4;6;30.8
Напиток гречневый «Ne moloko» классический лайт, 1.5%, 1 л;1;1.5;6.5;45
Маргарин «Жировой комбинат» Саратовский, 60%, 250 г;60;540;/;2260
Масло сладкосливочное «Бабушкина крынка» несоленое, 82.5%, 180 г;0.65;82.5;0.8;750
Творожный десерт «Ляховичок» Лакомка, лимон-малина, 6%, 200 г;11;6;16;163
Сыр с плесенью «President» Camembert, 45%, 125 г;17;19.5;244;/
Яйца куриные «Солигорская птицефабрика» Молодецкие, копченые, 4 шт;13;12;0.5;157
Яйца перепелиные «Молодецкие» копченые, 20 шт;12;13;0.2;167
Сыр полутвердый «Российский новый экстра» 50%, 1 кг;24.5;28;350;/
Творог «Молочная капелька» 9%, 250 г;16;9;1.5;150,0
Йогурт «Беллакт» Sweet heart, вишня, 2.5%, 150 г;2.9;2.5;17.4;103.7
Йогурт «Беллакт» Sweet heart, клубника, 2.5%, 150 г;2.9;2.5;15.2;94.9
Йогурт «Беллакт» Sweet heart, персик, 2.5%, 150 г;2.9;2.5;18.3;107.3
Йогурт «Беллакт» Sweet heart, черника, 2.5%, 150 г;2.9;2.5;17.7;104.9
Кукуруза сахарная;4;2;16;140
Сыр «Пошехонский Традиционный» полутвердый, 1 кг;25;25.2;330;/
Сыр полутвердый «Arla Natura» сливочный, 45%, 150 г;25;26;340;/
Мороженое «20 копеек» пломбир классический с изюмом, 75 г;3.5;12.8;28.9;245
Кефир «Бабушкина крынка» 3.2%, 900 г;3.1;3.2;4;55
Сыр полутвердый «Молочный мир» Сливочный, 50%, 200 г;24.5;28;350;/
Сыр полутвердый «Молочный мир» Сметанковый, 50%, 200 г;23;28;0;340
Кефир «Молочный мир» 1.5%, 1450 г;3.1;1.5;4;40
Мороженое «Магнат» шоколадный трюфель, 72 г;4.1;18.7;33.4;323
Мороженое «Магнат» со вкусом манго и красных ягод, 74 г;4.1;16.8;34.8;310
Йогурт «Беллакт» детский, с пребиотиком, 3.2%, 100 г;2.9;3.2;6;65.3
Йогурт «Беллакт» детский, голубика, 2.9%, 100 г;2.6;2.9;9.6;75.7
Творожный десерт «Беллакт» Картошка, 10%, 100г;7.5;10;39.4;277.6
Сыр творожный «Cream Nuvo» Professional, сливочный, 65%, 200 г;7;25.7;3;271.3
Сыр творожный «SVEZA» Воздушный, сливочный, 60%, 150 г;6;20;3;216
Сыр творожный «SVEZA» Воздушный с зеленью, 60%, 150 г;6;21.5;3;229.5
Сыр творожный «SVEZA» Воздушный, с чесноком, 60%, 150 г;6;21.5;3;229.5
Творог «Савушкин» рассыпчатый,2%, 350 г;17.5;2;1.3;93.2
Сыр творожный «SVEZA» сливочный, 60%, 150 г;6;22;3;234
Сыр творожный «SVEZA» с зеленью, 60%, 150 г;6;20;3;216
Яблоко «Голден Делишес 65+»;0.26;0.18;13.8;52
Мороженое «28 копеек» пломбир, крем-брюле, 15%, 70 г;3;23.9;20.4;308
Мороженое «Гоша» сливочное, дыня-арбуз, 65 г;1.8;5.1;22.5;143
Яйца куриные «Солигорская птицефабрика» Халяль, С1;12.7;11.5;0.7;160
Кокос;3;33;15;356
Творожный десерт «СуперКид» клубнично-малиновый пломбир, 3.5%, 110 г;6;3.5;10;95.5
Творог «Савушкин» рассыпчатый, 5%, 700 г;16.5;5;1.5;117
Масло топленое «Беловежские сыры» ГХИ, 99%, 200 г;0.3;99;892;/
Масло кислосливочное «President» несоленое, 82%, 180 г;0.6;82;0.3;742
Сыр творожный «SVEZA» Воздушный, грибы, 60%, 150 г;6;19.5;3.5;213.5
Молоко «Milkavita» Latte Barista, ультрапастеризованное, 3.2%;3.2;3.2;4.7;60
Сыр «Cheddar Red» 50%, 180 г;23;29;353;/
Сыр «Пошехонский особый» 45%, 200 г;23.9;24.8;319;/
Сыр «Пошехонский особый» 45%, 180 г;23.9;24.8;0;319
Сыр плавленый «Hochland» сливочный, 45%, 150 г;14.2;23.2;0;286
Творог «Молочный мир» Городень, 5%, 180 г;19;5;1.5;130
Йогурт питьевой «Савушкин» вишня-черешня, 2%, 415 г;2.9;2;11;73.6
Творог «Савушкин» зерненый, 5%, 200 г;10;5;2.8;96.2
Творог «Молочные горки» 2%, 180 г;16;2;1.3;85
Сыр полутвердый «Bonfesto» Mozzarella Pizza, 40%, 250 г;26.3;21.3;300;/
Сыр «Cheddar Red» 50%, 200 г;23;29;353;/
Сыр «Сметанковый» 45%, 180 г;23.5;25.2;321;/
Молоко «Савушкин» ультрапастеризованное, 1.5%;3;1.5;4.7;44.3
Сырок творожный глазированный «Тимоша» брауни, на печенье, 23%, 65 г;5.8;24.5;40.5;405.7
Арбуз, 1 кг;0.6;0.2;8;30
Кофейно-молочный напиток «Молочный мир» Coffe Break, Cappuccino, 1.3%, 280 г;2.7;1.3;11.7;65
Кофейно-молочный напиток «Молочный мир» Coffe Break, Latte, 1.3%, 280 г;2.7;1.3;11.7;70
Яйца перепелиные «Солигорская птицефабрика» вареные в маринаде, 150 г;12.8;13.1;0.8;170
Сырок творожный «Молочный мир» варенная сгущенка, 5%, 90 г;12;5;20;170
Сырок творожный «Молочный мир» с изюмом, 5%, 90 г;13;5;19;170
Сырок творожный «Молочный мир» с ароматом ванили, 5%, 90 г;13;5;15;160
Творожный десерт «Buonissimo» Тирамису с шоколадом, 150 г;5;12;24;220
Напиток кисломолочный «Exponenta High-Pro» натуральный, 250 г;12;0;2.5;60
Напиток кисломолочный «Exponenta» High-pro дыня, 250 г;12;0;2.5;60
Напиток кисломолочный «Exponenta» High-pro клубника-арбуз, 250 г;12;0;2.5;60
Молоко «Минская марка» стерилизованное, 1.5%;3.1;1.5;4.7;45
Молоко «Минская марка» стерилизованное, 3.2%;3.1;3.2;4.7;60
Сметана «Минская марка» 15%, 380 г;2.6;15;2.9;160
Кефир «Савушкин» с пробиотиком и лактулозой, 1.5%, 415 г;3;1.5;4;41.5
Творог «Ляховичок» 9%, 200 г;15;9;1.5;147
Йогурт греческий «Teos» грецкий орех и мед, 2%, 140 г;7;2;11.3;91.2
Йогурт греческий «Teos» грецкий орех и мед, 2%, 250 г;7;2;11.3;91.2
Йогурт греческий «Teos» манго-чиа, 2%, 140 г;7;2;11.3;91.2
Сыр с голубой плесенью «Templier» 55%, 1 кг;20;30;350;/
Сыр с голубой плесенью «Молодея» Рокфорти, 55%, 1 кг;20;30;350;/
Сыр с голубой плесенью «Молодея» Рокфорти, 55%, 1 кг;20;30;350;/
Облепиха быстрозамороженная, 1 кг;0.9;2.5;2.9;11.6
Банан;1.5;0.5;21;89
Молочный десерт «Kinder Молочный Ломтик» пирожное молочный ломтик, 28 г;7.9;34;27.9;422
Творожный десерт «Минская марка» Снежок, с маком и желатинками, 7%, 400 г;13.1;7;13.9;170
Сметана «Ляховичок» 15%, 400 г;2.6;15;2.9;157
Сметана «Ляховичок» 15%, 350 г;2.6;15;2.9;157
Йогурт термостатный «Сарафаново» 1.5%, 125 г;3.6;1.5;5.2;48.7
Сливки «Молочный мир» стерилизованные, 10%, 500 г;2.8;10;4;117
Творог «Ляховичок» 5%, 200 г;15;5;1.5;111
Молочный коктейль «Депи» клубника, 2.5%, 200 мл;2.8;2.5;11.9;80
Молочный коктейль «Депи» шоколад, 2.5% 200 мл;2.8;2.5;11;80
Творожный десерт «Савушкин» Воздушный, манго, 3.5%, 100 г;6;3.5;13;107.5
Творожный десерт «Савушкин» Воздушный, черника-ежевика, 3.5%, 100 г;6;3.5;13;107.5
Молочный пудинг «Чудо» шоколадный, 3.1%, 125 г;2.9;3.1;16.6;106
Молочный пудинг «Чудо» со вкусом карамели, 3%, 125 г;2.5;3;12;85
Масло кислосливочное «President» несоленое, 82%, 360 г;0.6;82;0.3;742
Сыр полутвердый «Сулугуни» 40%, 1 кг;24;21.4;290;/
Сыр полутвердый «Басни о сыре» Сулугуни, 40%, 200 г;24;21.4;290;/
Сыр полутвердый «Поставский» Сливочный, 50%, 150 г;24.8;28;351.2;/
Сыр твердый «Поставы городок» Пармезан гранд, 45%, 180 г;25;25.7;331;/
Йогуртный продукт «Нежный» сливочный с клубникой, 5%, 100 г;2.4;5;16;120
Йогуртный продукт «Нежный» сливочный с персиком, 5%, 100 г;2.4;5;16;120
Молочный пудинг «Ehrmann» Grand Dessert, соленая карамель, 4.7%, 200 г;2.6;4.7;18.4;130
Масло сладкосливочное «Ляховичок» несоленое, 82.5%, 180 г;0.5;82.5;0.8;747.7
Сметана «Ляховичок» 20%, 400 г;2.5;20;2.9;201.6
Молоко «Молочный мир» ультрапастеризованное, 2.5%;3.1;2.5;4.7;55
Молоко «Молочный мир» ультрапастеризованное, 3.2%;3;3.2;4.7;60
Сливки «Молочный мир» стерилизованные, 20%, 500 г;2.5;20;3.7;200
Сыр полутвердый «Landers» Моцарелла Голд, 40%, 400 г;24;18;260;/1070
Сыр «Моцарелла Голд» 40%, 260 г;24;18;260;/1070
Мороженое «20 копеек» с арахисом, 75 г;4.9;16.3;24.8;265
Кефир «Молочный мир» 2.5%, 1450 г;2.8;2.5;4;50
Ряженка «Беллакт» 4%, 380 г;2.8;4;4.1;63.6
Сыр полутвердый «Брест-Литовск» Тильзитер, 45%, 200 г;26.1;25.6;334.8;/
Йогурт «Yoguru» без консерванов, 1.5%, 125 г;3.7;1.5;5;50
Йогурт «Yoguru» без консервантов, персик, 2.5%, 125 г;3.3;2.5;15.5;100
Йогурт «Yoguru» без консервантов, черника, 2.5%, 125 г;3.3;2.5;15.5;100
Масло сладкосливочное «Бабушкина крынка» Росинка, соленое, 80%, 180 г;0.5;80;0.9;725.9
Сыр полутвердый «Брест-Литовск» Финский, 45%, 200 г;23;24;308;/
Сыр полутвердый «Брест-Литовск» Российский, 50%, 200 г;21;28.5;340.5;/
Ряженка «Брест-Литовск» 3.6%, 950 г;2.9;3.6;4.1;60.4
Йогурт питьевой «Савушкин» лесная ягода, 2%, 930 г;2.9;2;11;73.6
Йогурт питьевой «Савушкин» ананас-дыня, 2%, 930 г;2.9;2;11;73.6
Сыр полутвердый «Брест-Литовск» Голландский, 45%, 200 г;26.3;25.2;332;/
Масло сладкосливочное «Ляховичок» несоленое, 82.5%, 360 г;0.5;82.5;0.8;747.7
Масло сливочное «Поставы городок» 82.5%, 180 г;0.5;82.5;0.8;748
Масло сливочное «Ясь Белоус» несоленое, 82.5%, 180 г;0.5;82.5;0.8;750
Йогурт «Растишка» с малиной и бананом 2,6%, 70 г;3.6;2.6;10.7;81
Йогурт «Yoguru» без консервантов, вишня, 2.5%, 125 г;3.3;2.5;15.5;100
Ряженка «Савушкин» печеное яблоко-корица, 2%, 420 г;2.8;2;9.1;65.6
Напиток «Лёгкая цена» сыворотка с соком, лимон-лайм, 950 мл;0.3;9.8;40;/
Кефир «Савушкин» с огурцом и укропом, 1.5%, 415 г;2.8;1.5;4.3;41.9
Напиток кисломолочный «Exponenta High-Pro» черника-земляника, 250 г;12;0;2.5;60
Творожный десерт «Беллакт» пирожное, вафля и вареная сгущенка, 23%, 100 г;6.8;22.5;41.2;394.5
Творожный десерт «Беллакт» пирожное, вафля и черника, 23%, 100 г;5.8;21.5;41.7;383.5
Творожный десерт «Беллакт» пирожное, шоколадная вафля и кокос, 23%, 100 г;6.9;29.5;38.4;446.7
Напиток кисломолочный «Exponenta High-Pro» кокос-миндаль, 250 г;12;0;2.5;60
Мороженое «Soletto» лаванда-черника, 75 г;4;10;35;250
Творожный десерт «Беллакт» пирожное, шоколадная вафля и фундук, 23%, 100 г;7.2;29.9;38.6;452.3
Йогурт «Yoguru» без консервантов, клубника, 2.5%, 125 г;3.3;2.5;15.5;100
Шампиньоны «Грибная Страна» Королевские, культивируемые, 400 г;4.3;1;0.1;27
Творожный десерт «Молочный мир» Гродненский» с маком и желе, 9%, 1 кг;8;8;23;200
Напиток сывороточный «Савушкин» Свежесть, с соком апельсина, 850 г;0.4;10.9;45.2;/
Напиток сывороточный «Савушкин» Свежесть, с соком яблоко-гранат-лайма, 850 г;0.4;12;49.6;/
Напиток сывороточный «Савушкин» Свежесть, с основой ананас-кокос, 850 г;0.4;11;45.6;/
Напиток сывороточный «Савушкин» Свежесть, с соком тропических фруктов, 850 г;0.4;10.9;45.2;/
Сыр мягкий «Galbani» Буррата с трюфелем, 50%, 200 г;16;18;1;230
Сметана «Молочный мир» 22%, 480 г;2.6;22;2.9;220
Сливки «Milkavita» Latte Barista, ультрапастеризованные, 10%, 500 г;2.6;10;4.3;120
Молоко топлёное «Молочный мир» 3.2%;3;3.2;4.7;60
Творог «Малочны фальварак» 5%, 200 г;19;5;1.5;130
Кокосовое молоко «Mikado» 7%, 400 мл;1;6;2;66
Мороженое «20 копеек» пломбир с изюмом, 90 г;3.7;12.9;27.4;241
Творог «Ясь Белоус» классический, 9%, 400 г;15;9;1.5;147
Мороженое «Bahroma» сливочное в шоколаде, вишневый Маффин, 75 г;4.2;15.7;31.1;280
Мороженое «УП Минский хладокомбинат №2» Каштан шоколадный, 80 г;3.1;24.1;18.8;304.5
Сыр мягкий «Galbani» Буррата, 50%, 200 г;16;18;1;230
Сыр мягкий «Galbani» Страчателла, 52%, 250 г;12;20;4;244
Козье молоко «Беллакт» стерилизованное, 2.5-4%, 200 мл;3.4;4;4.8;55.3-66
Мороженое молочное «Юкки» Bubble Boom, с ароматом жевательной резинки, 50 г;3.5;6.5;21;160
Йогуртный коктейль «Даниссимо» вкус сорбет черн. cмородины 2,7%, 190 г;2.7;2.7;12.6;86
Сыр полутвердый «Верхний луг» Сулугуни, 40%, 240 г;16.7;18.8;236;/
Айран «Твой день» 0.9%, 1 л;1.4;1.7;1;28
Сырок творожный глазированный «Савушкин» трюфель, 23%, 40 г;4.8;26.2;26;359
Сырок творожный глазированный «Савушкин» Коровка, 23%, 40 г;5.6;25.6;28.8;368
Лимон розовый;1.1;6.2;9.3;31
Йогурт питьевой «Оптималь» черника-злаки, 2%, 415 г;2.9;2;11;73.6
Творожный десерт «Рецепты лучших кофеен» пирожное вареная сгущенка, 100 г;6.4;19.9;42.3;373.9
Творожный десерт «Рецепты лучших кофеен» пирожное на мягкой вафле с клубникой, 100 г;5.3;18.5;44.6;366.1
Сырок творожный «Савушкин» с изюмом и ароматом ванили, 9%, 100 г;10;9;20;201
Сырок творожный «Савушкин» с ароматом ванили, 9%, 100 г;10;9;17;189
Сырок творожный глазированный «А.Ростагрокомплекс» с фисташками, 26%, 50 г;8.6;28;30.9;430.9
Сыр мягкий «SVEZA» брынза, 45%, 200 г;19.7;20.3;261.5;/
Сыр творожный «SVEZA» сливочный, 50%, 250 г;10;16.5;1.6;194.9
Сыр мягкий «SVEZA» фета рассольный, 45%, 200 г;15;18.5;226.5;/
Сыр копченый «Ласковое лето» Минчанка, плавленый, 40%, 300 г;23;19.2;0;265
Сыр мягкий «Bonfesto» сливочный, 70%, 500 г;4.5;19;190;/
Продукт кисломолочный «Биолакт» голубика, 2.9%, 210 г;2.8;2.9;8.7;72.1
Сливки «Беллакт» стерилизованные, 33%, 200 г;2;33;3.3;318,2
Микрозелень «Green Place» подсолнечник, 50 г;2;4;2;45
Рукола «Green Place» 100 г;2.6;0.7;2.1;25
Салат «Green Place» Ромен, 100 г;1.7;0.4;1.8;15
Фруктовый лед «Топ» арбуз, 70 г;23;90;/;390
Фруктовый лед «Топ» каламанси, 70 г;22;90;/;370
Йогурт питьевой «Оптималь» манго-ананас, 2%, 415 г;2.9;2;11;73.6
Йогурт питьевой «Оптималь» инжир-злаки, 2%, 415 г;2.9;2;11;73.6
Молоко «#Можно» безлактозное, 3.2%;3.1;3.2;4.7;60
Трубочки для молока «Lari» ириска-барбариска, 30 г;96.75;373.7;/;1564.3
Трубочки для молока «Lari» радужный микс, 30 г;95.75;373.7;/;1564.3
Трубочки для молока «Lari» экзотик, 30 г;96.75;373.7;/;1564.3
Кисломолочный бионапиток «Активил» банан, 2%, 500 г;2.1;2;9;62.4
Кисломолочный бионапиток «Активил» персик, 2%, 500 г;2.1;2;9;62.4
Кисломолочный бионапиток «Активил» клубника, 2%, 500 г;2.1;2;9;62.4
Кисломолочный бионапиток «Активил» лесные ягоды, 2%, 500 г;2.1;2;9;62.4
Йогурт питьевой «Ласковое лето» персик, 1%, 900 г;2.9;1;11.5;66.6
Йогурт питьевой «Ласковое лето» клубника, 1%, 900 г;2.9;1;11.5;66.6
Десерт «Беллакт» Шоколадная колбаса, 25%, 300 г;5.7;25;48;439.8
Йогурт из козьего молока «Крестьянское фермерское хозяйство Дак» с черникой 3.0 - 4.5%, 250 г;2.9;4.5;6.6;63-77
Йогурт из козьего молока «Крестьянское фермерское хозяйство Дак» с черной смородиной 3.0 -4.5%, 250 г;2.9;4.5;6.6;63-77
Йогурт из козьего молока «Крестьянское фермерское хозяйство Дак» с вишнёвым вареньем 3.0-4.5%, 250 г;2.9;4.5;6.6;63-77
Сливки «Молочный мир» 33%, стерилизованные, 500 г;2.3;33;3.3;320
Мороженое «Бабушкина крынка» Luxury, крем-брюле, 15%, 500 г;3.2;15.3;15.1;210
Мороженое «Бабушкина крынка» Luxury, с какао, 15%, 900 г;3.5;15.5;18.9;230
Мороженое «Бабушкина крынка» Luxury, крем-брюле, 15%, 900 г;3.2;15.3;15.1;210
Молоко сгущенное «Черри-бренди» Вишневая сгущенка, 8.5%, 380 г;7.2;8.5;56;330
Кефир «#Можно» без лактозы, 3.2%, 930 г;3.1;3.2;4;55
Питьевой йогурт «Растишка» с персиком и бананом 1,6%, 360 г;2.8;1.6;10.7;68
Йогурт питьевой «Ласковое лето» клубника, 1%, 415 г;2.9;1;11.5;66.6
Сметана «Сафийка» 15%, 400 г;2.6;15;2.9;157
Молоко «Минская марка» ультрапастеризованное, 2.5%;3.1;2.5;4.7;55
Сыр творожный «SVEZA» прованские травы, 50%, 250 г;10;16.5;1.6;194.9
Молоко «Рогачевъ» стерилизованное, 1.5%, 1 л;3.2;3.2;4.7;60
Молоко «Минская марка» ультрапастеризованное, 3.2%;3.1;3.2;4.7;60
Масло сливочное «Поставы городок» Крестьянское, несоленое, 72.5%, 180 г;0.8;72.5;1.3;661
Набор зелени «Экофол» 100 г;2.3;0.6;5.1;30.6
